"","victim.industry.name","victim.industry2","incident_id","timeline.incident.year","victim.state","action.hacking","hacked"
"1","Educational","61","E12ACA81-EFCF-4096-8D2D-4D54E9898077",2023,"CA",TRUE,TRUE
"2","Educational","61","F1CD56BA-3C76-4F21-B738-4E806BE33542",2023,"CA",TRUE,TRUE
"3","Educational","61","91830E0B-8896-413F-A921-84915E52B122",2023,"CA",TRUE,TRUE
"4","Educational","61","BFBA8F6C-5C4D-4930-B6EE-6695308E5F4F",2023,"CA",TRUE,TRUE
"5","Educational","61","522DB66D-6686-4207-9F62-AC66F22491BC",2023,"NC",TRUE,TRUE
"6","Healthcare","62","fd886d40-45bf-11ed-9a6c-911ade1670b5",2021,"US-MO",TRUE,TRUE
"7","Educational","61","B30DCFAC-623F-4819-B969-76CE6B172EE8",2023,"NC",TRUE,TRUE
"8","Educational","61","DAC41C84-EB7C-4EEA-ADCF-49B1AAEEA7B7",2023,"NY",TRUE,TRUE
"9","Educational","61","690110DC-F57E-433C-8BDB-24F0FC4A3240",2023,"TX",TRUE,TRUE
"10","Information","51","F8900974-A013-4EFA-B07C-A5E90E59684C",2023,"CA",TRUE,TRUE
"11","Educational","61","FDCBB340-EFE3-4AAC-967C-5492A4AA276E",2023,"CA",TRUE,TRUE
"12","Educational","61","027E2AE7-B4C3-4133-A39B-3F91A32292C6",2023,"NY",TRUE,TRUE
"13","Educational","61","06500EED-6B53-4657-8344-D84CC2AEB904",2023,"NH",TRUE,TRUE
"14","Educational","61","92ED43AC-FA0D-4194-800C-886329CB149E",2023,"AL",TRUE,TRUE
"15","Educational","61","ECAA9BFF-F7CA-4261-8E94-A89041ED9EFB",2023,"CA",TRUE,TRUE
"16","Educational","61","71139CE9-71AF-449E-96C9-09CA94F5181A",2023,"CA",TRUE,TRUE
"17","Educational","61","49D3C6D8-B5FD-4E33-B9BB-94C6A03C6169",2023,"NY",TRUE,TRUE
"18","Educational","61","7C81D86B-62E9-42AF-AC94-888909CDAF20",2023,"MI",TRUE,TRUE
"19","Information","51","dd455940-4fc3-11ed-b425-911ebaacea9c",2022,"NJ",TRUE,TRUE
"20","Educational","61","A1661EB6-8712-4A22-AB8D-913E736A7A29",2023,"NY",TRUE,TRUE
"21","Educational","61","EF526FB6-F778-4798-A73A-171F32E8F3CB",2023,"OR",TRUE,TRUE
"22","Retail","44","00ff9960-40d7-11ec-b81c-33d442e55df8",2020,"FL",FALSE,FALSE
"23","Educational","61","2D81ABE1-6004-4C40-9634-A53F0A5ED3BD",2023,"PA",TRUE,TRUE
"24","Educational","61","D0618380-C302-4F1B-B4BF-D1D1899720F3",2023,"KS",TRUE,TRUE
"25","Educational","61","36FCFB1A-F9CB-4C03-8159-FE8838F70183",2023,"DE",TRUE,TRUE
"26","Educational","61","2819B8BC-A519-490C-8424-D2E2DEAF67FB",2023,"PA",TRUE,TRUE
"27","Educational","61","F760CC08-8BD8-4620-BAF8-CBF08E9B2CE2",2023,"MI",TRUE,TRUE
"28","Educational","61","13D7A1D7-105C-4C9D-A4D5-F3DBC3F9ED8D",2023,"CT",TRUE,TRUE
"29","Information","51","8cedfed0-3604-11ed-9153-3540a8e4c67f",2021,"US-OH",TRUE,TRUE
"30","Healthcare","62","d16bb780-25c3-11eb-a3b1-07c4769263ea",2020,"NC",FALSE,FALSE
"31","Educational","61","2D39D06A-FCE3-4C2D-B2DA-4E221073D7F1",2023,"PA",TRUE,TRUE
"32","Transportation","48","d29a46e0-0dd3-11ed-9141-192d7c736152",2020,NA,FALSE,FALSE
"33","Educational","61","41191A0B-5626-41D9-8D8B-DA4217B0901D",2023,"NJ",TRUE,TRUE
"34","Educational","61","017FEA80-39F3-45E8-8EAB-936F083BC3C6",2023,"CA",TRUE,TRUE
"35","Finance","52","8DF2C50F-0EB2-4A2B-B3EE-36B7F9A5FECC",2023,"NE",TRUE,TRUE
"36","Educational","61","BF4B0C50-6523-4045-BA06-39C525EDF598",2023,"CA",TRUE,TRUE
"37","Educational","61","BE2FA1D4-F253-43E6-83A9-7771C0A1C635",2023,"OK",TRUE,TRUE
"38","Educational","61","03FE09E6-1995-4745-92C6-4B0319B93487",2023,"MN",TRUE,TRUE
"39","Educational","61","25957DD6-ECF8-40E3-A2A3-E261A3CE5420",2023,"NY",TRUE,TRUE
"40","Public","92","c1126ab0-0a04-11ed-84e4-4d6a8bbe6476",2022,"AK",TRUE,TRUE
"41","Educational","61","3291C337-8350-4382-862D-CDE183F87FED",2023,"NC",TRUE,TRUE
"42","Public","92","d42bf5c0-3467-11ed-b144-457a87672420",2021,"US-KS",TRUE,TRUE
"43","Educational","61","CAE61BCC-7C61-4DBC-B2EC-10899B4889F8",2023,"VA",TRUE,TRUE
"44","Professional","54","edbe9c20-7a6d-11ee-b391-931271d090d0",2021,"CA",TRUE,TRUE
"45","Finance","52","864f3510-83f8-11ee-898d-0f9c5bf59690",2022,"PA",TRUE,TRUE
"46","Finance","52","7327e020-3cd0-11ec-b63a-33c287a8ec4a",2020,"CA",FALSE,FALSE
"47","Educational","61","EBBEDD15-5E94-4385-A6AD-6F7448746974",2023,"CO",TRUE,TRUE
"48","Educational","61","5D28DEAB-F15F-4C1D-A99E-06B1DF03FDD7",2023,"CA",TRUE,TRUE
"49","Finance","52","B940E74D-5450-4B94-87AF-2AEA8F9360A3",2023,"WI",TRUE,TRUE
"50","Public","92","0A70DE59-21A9-442E-AAE5-F5B8299BEC8F",2023,"CO",TRUE,TRUE
"51","Healthcare","62","aca41790-2518-11eb-af35-ed9bb3f10d5f",2020,"NV",FALSE,FALSE
"52","Finance","52","3f1497f0-3929-11ed-a11a-bb811330b875",2022,NA,TRUE,TRUE
"53","Educational","61","8F2F1683-D97E-45BB-870F-DA440EF78452",2023,"AL",TRUE,TRUE
"54","Educational","61","83CD55ED-8856-457C-8A66-561D444AB08D",2023,"CA",TRUE,TRUE
"55","Retail","44","CE9A43C4-AF6C-4F2A-9BA5-8218B5015843",2023,"MI",TRUE,TRUE
"56","Educational","61","C19E7F7F-51AC-4841-B9FD-64E094F008FF",2023,"NY",TRUE,TRUE
"57","Educational","61","989DBF3D-A239-4D58-AE61-60FD778D90C2",2023,"GA",TRUE,TRUE
"58","Information","51","11ab76e0-a359-11ed-bbe0-ed1bdce32b2a",2021,NA,FALSE,FALSE
"59","Educational","61","0FC1D886-4A5A-4B7D-885B-872C3DFFCF2A",2023,"UT",TRUE,TRUE
"60","Professional","54","A1E1CE5F-C447-43F5-9D37-217962DB1712",2023,"MN",TRUE,TRUE
"61","Educational","61","770830EF-DDF0-4C1E-9A3C-4D500A93AD2B",2023,"OR",TRUE,TRUE
"62","Educational","61","489E3F94-C19C-4593-87F3-EBF027CC82E1",2023,"NJ",TRUE,TRUE
"63","Educational","61","ED47C82F-60E0-4E4F-9BA5-BED151D7118D",2023,"WI",TRUE,TRUE
"64","Public","92","1b882d90-0a0f-11ed-9141-192d7c736152",2022,"NC",FALSE,FALSE
"65","Educational","61","E4E44609-04C0-439F-A9FA-53143BFD9693",2023,"IL",TRUE,TRUE
"66","Finance","52","879AE753-FC72-424F-96B7-660C5CE646EC",2023,"DE",TRUE,TRUE
"67","Information","51","d2d4f030-7509-11ee-8da1-4f2f8c80e63f",2022,"NY",FALSE,FALSE
"68","Educational","61","01156af0-149b-11ec-92c0-8d3c636e1e37",2021,"TX",TRUE,TRUE
"69","Educational","61","E75F8C35-53AF-41D8-889A-7682E6075A81",2023,"MI",TRUE,TRUE
"70","Educational","61","AB855673-053F-415E-A602-747A40DD2129",2023,"CA",TRUE,TRUE
"71","Educational","61","D8D13C08-F404-453F-B10E-A896BAF13F14",2023,"NC",TRUE,TRUE
"72","Educational","61","3C2328F1-45D9-49CB-B822-F8E5B6590769",2023,"OH",TRUE,TRUE
"73","Finance","52","CB6E4316-949D-41F5-8C01-3EF5F2CB1DDC",2023,"MO",TRUE,TRUE
"74","Educational","61","CB5CF2CC-D496-425B-858E-0AFC8D87647D",2023,"WV",TRUE,TRUE
"75","Educational","61","D77E07BB-E390-421C-9205-E1B4FB8094F6",2023,"KY",TRUE,TRUE
"76","Educational","61","FC4751CD-50ED-4D9B-AC03-6E0E36AF099B",2023,"CA",TRUE,TRUE
"77","Retail","45","E500F9ED-F56C-441A-8303-15262BDCBBA1",2023,"MA",TRUE,TRUE
"78","Educational","61","FC480C1E-2DC8-4577-ACAA-430C7A04C79F",2023,"PA",TRUE,TRUE
"79","Public","92","7065a2d0-39bb-11ed-a8d9-e567d58abfd4",2022,NA,TRUE,TRUE
"80","Educational","61","03DCC92B-C47D-4D73-B503-D8077DEB05B0",2023,"NE",TRUE,TRUE
"81","Educational","61","07CC5D81-AA46-4D98-8560-FDA976B9F30C",2023,"MN",TRUE,TRUE
"82","Educational","61","44954D64-D89D-4D0D-A01C-4752BF34981B",2023,"IL",TRUE,TRUE
"83","Healthcare","62","d15cc8d0-a99a-11ed-aa48-c57b469b256d",2021,"MT",TRUE,TRUE
"84","Educational","61","4f0c06c0-a501-11ea-9a08-d99599f4dafe",2020,"CA",FALSE,FALSE
"85","Administrative","56","9e083bb0-2452-11eb-af35-ed9bb3f10d5f",2020,"UT",TRUE,TRUE
"86","Educational","61","A03CAA2C-5FCB-4257-87F7-104C27B87FF6",2023,"MI",TRUE,TRUE
"87","Educational","61","424B5B2B-D257-4868-9F9B-60380ED1BBEA",2023,"SC",TRUE,TRUE
"88","Finance","52","4B997ACC-741B-43D1-8F51-11D2807EFB37",2023,"OH",TRUE,TRUE
"89","Professional","54","a63c0cd0-2f29-11eb-be94-ff2f41197b3c",2020,"NJ",TRUE,TRUE
"90","Educational","61","3E729A47-7874-4465-AB38-C7FCD847E042",2023,"TX",TRUE,TRUE
"91","Educational","61","4F193BDC-1EF0-47C4-8B12-8FEF9F75E409",2023,"MO",TRUE,TRUE
"92","Finance","52","F6600507-FEDB-45F5-82D4-8F5D347D3002",2023,"TX",TRUE,TRUE
"93","Accomodation","72","1ac204b0-3dd3-11ed-8ffa-ebb9abb0c009",2022,NA,FALSE,FALSE
"94","Information","51","3cb621c0-237f-11eb-a2fc-cdee479fbead",2020,"US-CA",FALSE,FALSE
"95","Educational","61","E5822167-F7F2-49B1-8517-5020EE13E38C",2023,"TN",TRUE,TRUE
"96","Educational","61","6D8E094F-CBCE-427F-8C93-AD177FFC3F7C",2023,"DC",TRUE,TRUE
"97","Educational","61","9C83F720-32C3-49E3-8EEA-71D2571672BD",2023,"MI",TRUE,TRUE
"98","Educational","61","40C61676-B6D0-4FED-9B8D-932F374D0239",2023,"CO",TRUE,TRUE
"99","Professional","54","7b58a9b0-179b-11eb-a388-210bf038e9e5",2020,"MA",FALSE,FALSE
"100","Educational","61","56475651-7757-450A-B07A-25A4EC0B63B4",2023,"WV",TRUE,TRUE
"101","Educational","61","E5BEA32C-49A4-4C13-A5CE-AF7876B9248D",2023,"OH",TRUE,TRUE
"102","Educational","61","3c6aecc0-120c-11eb-a3ae-53136ea5d4e6",2020,"SC",FALSE,FALSE
"103","Educational","61","043392AD-8C2B-4DC6-886B-E2D916D14000",2023,"CT",TRUE,TRUE
"104","Educational","61","37379691-ED74-4CFD-9A0F-C103DDC595E6",2023,"CA",TRUE,TRUE
"105","Professional","54","B03855DC-D811-42CD-A596-2F94075663A2",2023,"NY",TRUE,TRUE
"106","Healthcare","62","a5a53a70-7806-11ee-a9cf-35532141bb65",2022,"IL",TRUE,TRUE
"107","Educational","61","3F6574D4-8334-4CDC-BC29-C1346DA7498B",2023,"ID",TRUE,TRUE
"108","Finance","52","8C8277C6-E7DD-4389-9813-2EB51A738AA5",2023,"IA",TRUE,TRUE
"109","Educational","61","026FF12F-256B-4EFF-A97B-5F19174D3679",2023,"CT",TRUE,TRUE
"110","Educational","61","F71A45FE-2792-453B-9897-7F3D971956F0",2023,"MO",TRUE,TRUE
"111","Educational","61","B2B1BEAD-2CCF-4CD7-B1D0-CDC54A45E055",2023,"OH",TRUE,TRUE
"112","Public","92","1680B9AA-EAD3-4B47-8140-7BEE64E755F4",2023,"DC",TRUE,TRUE
"113","Educational","61","06D23AA6-D591-4540-8ACA-47960D3BC221",2023,"NC",TRUE,TRUE
"114","Public","92","16B0BFB3-CD1D-445D-BA40-EF1A9544A50C",2023,"FL",TRUE,TRUE
"115","Educational","61","B2D0220F-50A2-4FD8-B882-27343F4800A4",2023,"NY",TRUE,TRUE
"116","Educational","61","7D74A5DF-94E0-4D95-9053-364B28F8700B",2023,"DC",TRUE,TRUE
"117","Educational","61","E8D27E67-853F-4E39-92AF-158F6AFB3437",2023,"CA",TRUE,TRUE
"118","Educational","61","4461B95F-B854-4F35-9CC5-E6A7883825ED",2023,"CA",TRUE,TRUE
"119","Educational","61","AF2186A9-1C3D-4CD3-8DEA-959030AACF66",2023,"CA",TRUE,TRUE
"120","Educational","61","FF2B4803-B917-43AE-8848-23DA8D913645",2023,"NC",TRUE,TRUE
"121","Finance","52","e879ff10-e655-11eb-b667-c585fe0ca11b",2021,NA,FALSE,FALSE
"122","Finance","52","d15cc8d0-a99a-11ed-aa48-c57b469b256d",2021,"CA",TRUE,TRUE
"123","Information","51","bf574270-7498-11eb-b6c3-130fdd35ca3d",2020,"PA",TRUE,TRUE
"124","Finance","52","822a3c40-72c2-11eb-a46e-831b23dc7360",2020,"CA",TRUE,TRUE
"125","Educational","61","9C83F829-0256-4E5F-B03F-902466BD98E9",2023,"GA",TRUE,TRUE
"126","Healthcare","62","e90b4ac0-f1fe-11ea-9eb3-fb45745214a6",2020,"TX",TRUE,TRUE
"127","Educational","61","4EA9B9BE-9ECC-40ED-9655-4E5F81F6C268",2023,"CA",TRUE,TRUE
"128","Educational","61","11719510-E38D-4596-8A76-CE0F6B5A3E45",2023,"FL",TRUE,TRUE
"129","Manufacturing","33","85D5871E-8F05-4DF1-8ABB-649D7BA33139",2023,"MO",TRUE,TRUE
"130","Educational","61","05102950-75EE-44A1-AF94-A98B26147673",2023,"NE",TRUE,TRUE
"131","Educational","61","B515C97E-4C50-43B3-988C-0D6780796162",2023,"KS",TRUE,TRUE
"132","Educational","61","57BE1F93-4E9C-465E-85EF-3D5EED9D73DD",2023,"VT",TRUE,TRUE
"133","Finance","52","D6833AB8-9E42-4905-89C9-C1AA0B9299D3",2023,"DE",TRUE,TRUE
"134","Healthcare","62","87fc4060-163b-11ec-a5a5-ebf8acd2a8b6",2021,"IL",TRUE,TRUE
"135","Educational","61","3DCB10F8-D25E-4C96-AABA-329427105BC6",2023,"NY",TRUE,TRUE
"136","Information","51","127031e0-8e85-11ec-a600-657ec2694f8f",2020,"CA",TRUE,TRUE
"137","Finance","52","257e6940-a0f3-11ea-878c-ff8a51fa1e8f",2020,"SC",FALSE,FALSE
"138","Educational","61","4DCFA8DF-B43B-4D0A-B32B-430EA741D64F",2023,"OK",TRUE,TRUE
"139","Educational","61","276CA30D-431C-48F2-945A-0550820A4C36",2023,"KY",TRUE,TRUE
"140","Finance","52","69741330-25c2-11eb-a3b1-07c4769263ea",2020,"OR",FALSE,FALSE
"141","Educational","61","AE8EF41D-3671-4272-A300-72CCABC840E4",2023,"IL",TRUE,TRUE
"142","Other Services","81","5b7713a0-073e-11ec-863c-8359987c65e0",2021,"CA",TRUE,TRUE
"143","Educational","61","825d7990-83d9-11ee-898d-0f9c5bf59690",2022,"TX",FALSE,FALSE
"144","Educational","61","F0FA7200-B18D-4AB2-BDC8-717CAD67F8B0",2023,"IL",TRUE,TRUE
"145","Public","92","1C114D7A-7E59-4A23-8BAD-68156884288E",2023,"NY",TRUE,TRUE
"146","Healthcare","62","24fa4a50-f91e-11eb-98bb-95028a4c8b05",2020,NA,FALSE,FALSE
"147","Educational","61","AFAE2812-87DD-4181-9C80-649523D8A835",2023,"KS",TRUE,TRUE
"148","Educational","61","1D064F98-07EA-4151-94AA-9BB5B6C2C703",2023,"AZ",TRUE,TRUE
"149","Educational","61","ba434dc0-22da-11eb-b221-a300329fb9cf",2020,"US-IN",FALSE,FALSE
"150","Professional","54","91d5b7b0-a4e5-11ea-a769-1f53f53c0c37",2020,"CA",TRUE,TRUE
"151","Educational","61","5DFD953F-4DDA-4D46-B744-35FD938A21E0",2023,"WA",TRUE,TRUE
"152","Healthcare","62","58d2c440-2455-11eb-af35-ed9bb3f10d5f",2020,"CO",FALSE,FALSE
"153","Educational","61","672C743A-ED91-4BAD-BE38-02EB97083666",2023,"NC",TRUE,TRUE
"154","Finance","52","B9525847-D494-422F-8E39-77D1B624477B",2023,"CT",TRUE,TRUE
"155","Educational","61","F82E0A5B-5086-4803-9A32-1CF3B2310386",2023,"NY",TRUE,TRUE
"156","Educational","61","A3FB39C5-BB9C-4405-BA16-F44AEE45C8F0",2023,"IL",TRUE,TRUE
"157","Educational","61","69834452-6D92-4346-AC0A-9AAB8041D1C2",2023,"MN",TRUE,TRUE
"158","Finance","52","172B8A64-F160-470C-9319-6420E2F36B0B",2023,"LA",TRUE,TRUE
"159","Information","51","d15cc8d0-a99a-11ed-aa48-c57b469b256d",2021,"NY",TRUE,TRUE
"160","Educational","61","6F44EC0E-1064-4F60-946D-E38BFC13F4F4",2023,"CT",TRUE,TRUE
"161","Educational","61","567f3840-8550-11ee-898d-0f9c5bf59690",2023,"TX",TRUE,TRUE
"162","Healthcare","62","54b753a0-a1b3-11ea-aa67-0b6b068266ad",2020,NA,FALSE,FALSE
"163","Information","51","f25586e0-4341-11ed-a8d9-e567d58abfd4",2022,"CA",TRUE,TRUE
"164","Transportation","48","4bb95280-b472-11eb-a85f-450a4af904b1",2021,"GA",TRUE,TRUE
"165","Educational","61","BEC6608E-A168-43D7-A935-C5C8547F6565",2023,"IA",TRUE,TRUE
"166","Finance","52","6979014F-E28A-40FF-B67F-6C8FF9817050",2023,"DE",TRUE,TRUE
"167","Educational","61","4479F27C-D0E2-4390-AF07-1EA1663D080A",2023,"TX",TRUE,TRUE
"168","Educational","61","97e64860-5148-11ed-9bc2-d5a5778fd37b",2021,"IL",TRUE,TRUE
"169","Educational","61","AC606263-0D0F-432D-BEC2-87CAEC17FA30",2023,"LA",TRUE,TRUE
"170","Finance","52","6af3af90-855a-11ee-898d-0f9c5bf59690",2023,"ID",TRUE,TRUE
"171","Manufacturing","32","A4A5D94B-77D5-4694-A1A0-AB94C720B148",2023,"NY",TRUE,TRUE
"172","Educational","61","BB9FD910-4205-4AA7-9D7D-1420DD282C0C",2023,"CA",TRUE,TRUE
"173","Educational","61","B19DA98A-4DE4-429C-AB5F-A638D7A6D453",2023,"CA",TRUE,TRUE
"174","Public","92","6c8628d0-545f-11eb-a683-ed9206b72971",2021,"DC",FALSE,FALSE
"175","Educational","61","5ADDB4D8-0CFC-4A18-88C3-0090ED937FB0",2023,"NJ",TRUE,TRUE
"176","Educational","61","77FFF619-B964-4453-8DA1-1B38C45BC2CC",2023,"CA",TRUE,TRUE
"177","Educational","61","466114C1-9B6D-470C-BD55-C17D2C27852A",2023,"SD",TRUE,TRUE
"178","Retail","44","587528B6-5381-4790-AE1B-A30D9B189239",2023,"UT",TRUE,TRUE
"179","Finance","52","C9B437B5-6147-40F4-9121-40EBD4579D62",2023,"OR",TRUE,TRUE
"180","Information","51","bc3f9a70-0e79-11ed-9a95-4bdaebaab721",2020,"UT",TRUE,TRUE
"181","Educational","61","BEEB3C6B-296F-42FD-BD8B-9D0BE8847FED",2023,"AK",TRUE,TRUE
"182","Educational","61","CBF40D9A-1BBD-4FCB-A660-9C4ED64222E6",2023,"NC",TRUE,TRUE
"183","Educational","61","8FB0408C-66ED-4E64-B368-A2E3EC69B73B",2023,"RI",TRUE,TRUE
"184","Educational","61","8DE4DE0A-DE31-48B6-B580-318A82EFC462",2023,"CA",TRUE,TRUE
"185","Healthcare","62","a2b41b90-25df-11ec-8021-93be7268887c",2020,"TX",TRUE,TRUE
"186","Utilities","22","9a12a350-3037-11ec-a5c2-337d0141f916",2021,"CA",TRUE,TRUE
"187","Educational","61","B1A2A6AD-084B-4ABB-8AB2-B6B58B602415",2023,"KS",TRUE,TRUE
"188","Finance","52","E6E7AC6A-EA4D-4170-A35E-9A35FA6EFB00",2023,"TN",TRUE,TRUE
"189","Information","51","787d2ef0-3463-11ed-b144-457a87672420",2022,NA,FALSE,FALSE
"190","Educational","61","2494948C-9224-4721-8CC4-A56C4CD52B14",2023,"GA",TRUE,TRUE
"191","Educational","61","E2102DA3-95F9-4B0B-B008-C7B6E918D94C",2023,"SC",TRUE,TRUE
"192","Educational","61","02AAE857-6ED4-4CB3-8794-48497ED8B8B5",2023,"GA",TRUE,TRUE
"193","Finance","52","d29a46e0-0dd3-11ed-9141-192d7c736152",2020,"NC",FALSE,FALSE
"194","Finance","52","7F89B84A-C09A-44E9-AA3F-7E40A5A57ACD",2023,"IA",TRUE,TRUE
"195","Educational","61","7F434C87-FDF9-4035-8EAA-DD59D023246B",2023,"WA",TRUE,TRUE
"196","Educational","61","9B5F67CC-BC1B-4FB5-89E5-F143C25AF44D",2023,"DE",TRUE,TRUE
"197","Educational","61","732C5116-8626-4014-A521-4F4E91BE68AC",2023,"LA",TRUE,TRUE
"198","Utilities","22","C75C3540-6D9D-45B6-8DE1-4FFDB0CE0633",2023,"NH",TRUE,TRUE
"199","Educational","61","98FABA64-BF27-4DA4-8C3F-114E49C37AA7",2023,"GA",TRUE,TRUE
"200","Finance","52","5EF76A50-0E22-477D-9358-5A47DC600F8C",2023,"NY",TRUE,TRUE
"201","Healthcare","62","8f722150-a118-11ea-878c-ff8a51fa1e8f",2020,NA,FALSE,FALSE
"202","Finance","52","DD086C99-EA28-4FB1-A81C-1EED09C1912F",2023,"CA",TRUE,TRUE
"203","Information","51","a033b0c0-0712-11eb-ab9e-fb89bdbaf0c7",2020,"MN",TRUE,TRUE
"204","Educational","61","7E886013-BB93-4F23-99BF-DB7071EF07D3",2023,"MO",TRUE,TRUE
"205","Healthcare","62","7aaaa7b0-7f36-11ee-a021-bbe4713468e2",2023,"MI",FALSE,FALSE
"206","Educational","61","2DBAA795-DA8D-4438-830B-EC7601AB7AA2",2023,"CA",TRUE,TRUE
"207","Public","92","1511a700-22dc-11eb-b221-a300329fb9cf",2020,"US-LV",FALSE,FALSE
"208","Educational","61","C33122C8-73D4-43AF-8740-C8F50EF33DDB",2023,"OK",TRUE,TRUE
"209","Finance","52","E23DD9A8-6ECE-4FB5-B078-6054C8A916EA",2023,"MA",TRUE,TRUE
"210","Finance","52","C60C9507-DA5D-4BB3-A16F-663EAB153D55",2023,"TN",TRUE,TRUE
"211","Information","51","b5e17810-9372-11ec-a39a-3584eb2df2ab",2020,"TX",TRUE,TRUE
"212","Educational","61","6977AD3A-5793-4DA8-A496-D2E9F416B702",2023,"IL",TRUE,TRUE
"213","Educational","61","892A9BC6-46BC-4C4B-817C-388B10B6EB34",2023,"CT",TRUE,TRUE
"214","Educational","61","659DFA65-C233-4360-A3B2-88984422D9FA",2023,"NY",TRUE,TRUE
"215","Finance","52","8947F1F5-9B5C-43D2-BCFE-BB4F8AF211AB",2023,"CA",TRUE,TRUE
"216","Educational","61","95160BF1-ABCA-4A9C-B67F-AB1A101033EB",2023,"TX",TRUE,TRUE
"217","Educational","61","0E993AA1-BF4B-478A-AAE8-E74D8EEB9FAA",2023,"CA",TRUE,TRUE
"218","Transportation","48","4D28CD1D-7FD8-4883-BF3D-AE43E83D3C58",2023,"TX",TRUE,TRUE
"219","Educational","61","EB834275-9A7D-4062-82FA-756270199CFF",2023,"CA",TRUE,TRUE
"220","Educational","61","012010B2-C2B9-4A05-9D50-B3002A67238F",2023,"IL",TRUE,TRUE
"221","Educational","61","74513c70-2814-11eb-8365-4f57e2156a07",2020,"NY",FALSE,FALSE
"222","Educational","61","17B56B97-9175-4C1B-A47D-ECF4998A75DB",2023,"MO",TRUE,TRUE
"223","Educational","61","560BE529-6C92-4AEE-B108-A150E1D8E262",2023,"ID",TRUE,TRUE
"224","Finance","52","E56CEE20-7499-4C9D-9021-C1D6E7AD7AE1",2023,"IN",TRUE,TRUE
"225","Educational","61","7FDD2EC2-9268-4040-9E93-634D71A5A501",2023,"AL",TRUE,TRUE
"226","Professional","54","04E9B040-FE48-43EF-827E-F86142F7F727",2023,"CA",TRUE,TRUE
"227","Educational","61","92198E17-E449-465B-8AAD-11E9294FEC72",2023,"CA",TRUE,TRUE
"228","Healthcare","62","827ac000-0fd7-11eb-afe7-87eff9df4bdb",2020,"NV",FALSE,FALSE
"229","Healthcare","62","D7C20596-C4C6-4668-A893-60AEDD6FA702",2023,"KY",TRUE,TRUE
"230","Healthcare","62","598a5f00-1aeb-11ec-8477-47d0f236e203",2020,"CA",FALSE,FALSE
"231","Educational","61","352A6F58-E72F-4F41-8C95-C71CE692F680",2023,"NY",TRUE,TRUE
"232","Educational","61","FC55EB77-D13F-4A0B-97E3-E6D5D059B832",2023,"ID",TRUE,TRUE
"233","Educational","61","20031414-6E26-45D5-BC2E-A83E33C8EB2D",2023,"PA",TRUE,TRUE
"234","Finance","52","F37DB216-C532-4D82-AD10-CEF6F561D2AE",2023,"NY",TRUE,TRUE
"235","Educational","61","305B0B9B-D262-482C-923D-60E5D2EFB10D",2023,"NC",TRUE,TRUE
"236","Educational","61","0DDCE897-B3AD-43DA-822B-922C4C164D0F",2023,"MO",TRUE,TRUE
"237","Educational","61","71515675-4CBB-4963-897F-E00922353A82",2023,"NY",TRUE,TRUE
"238","Finance","52","45766850-84bc-11ee-898d-0f9c5bf59690",2023,"NY",TRUE,TRUE
"239","Educational","61","A5C278E8-7C41-4B2E-8CC3-F9E2D0588B0F",2023,"WI",TRUE,TRUE
"240","Educational","61","2B8AABD3-8A57-45FB-9133-E755DF6FC4F0",2023,"NC",TRUE,TRUE
"241","Educational","61","7D849D30-CE16-4876-8FBC-7E8009A437EA",2023,"NY",TRUE,TRUE
"242","Educational","61","3BDE7502-A66A-40B6-9D48-BE6191A31535",2023,"IN",TRUE,TRUE
"243","Finance","52","C9071B25-E0D3-4886-B566-970AF40714B7",2023,"KS",TRUE,TRUE
"244","Professional","54","2E658463-F3B1-497A-AA56-D9817D56536C",2023,"MA",TRUE,TRUE
"245","Educational","61","C095D6C7-9A9B-40AC-A0F5-19D98B8D144D",2023,"AZ",TRUE,TRUE
"246","Educational","61","3EAAA552-06E2-4BA9-B7D9-DF14BA4E029A",2023,"MN",TRUE,TRUE
"247","Educational","61","F86B968D-1B87-4EB2-9E6C-CAD667DBB547",2023,"VA",TRUE,TRUE
"248","Educational","61","85B0D254-C6F6-47A4-AD10-BCB283DE0A5F",2023,"NY",TRUE,TRUE
"249","Healthcare","62","20007890-2324-11ed-82cc-77050d837997",2021,"TN",FALSE,FALSE
"250","Educational","61","9824475C-D35E-4239-90EE-196F605ABE71",2023,"VA",TRUE,TRUE
"251","Educational","61","CB673F21-DA17-4210-8397-357F71F58197",2023,"CA",TRUE,TRUE
"252","Educational","61","BC7C5603-6C21-4237-90D8-B83B597C1AF1",2023,"TN",TRUE,TRUE
"253","Educational","61","379A09E4-DD72-446D-B219-D0221F992494",2023,"MI",TRUE,TRUE
"254","Educational","61","58D6103E-E2BC-44B9-AF30-8032344D3850",2023,"FL",TRUE,TRUE
"255","Educational","61","D370C5EA-FDA4-409E-91CE-01D8E0EF9BA7",2023,"CT",TRUE,TRUE
"256","Educational","61","9F5197B7-EBA5-4189-BAA7-F5C09128BD13",2023,"NC",TRUE,TRUE
"257","Educational","61","FCE56683-E10C-496E-965F-B995C3FF89D9",2023,"FL",TRUE,TRUE
"258","Information","51","edbe9c20-7a6d-11ee-b391-931271d090d0",2023,"NY",TRUE,TRUE
"259","Educational","61","5505711C-66A0-4D35-A6AB-4743032DD383",2023,"CA",TRUE,TRUE
"260","Finance","52","086FA743-D9EA-4048-9ECD-DF32C967FD3E",2023,"MO",TRUE,TRUE
"261","Educational","61","5FE5883D-9886-4DA1-8191-E7339447ABD6",2023,"PA",TRUE,TRUE
"262","Educational","61","311F12D6-C637-4AE5-8427-E113E62E3A22",2023,"WA",TRUE,TRUE
"263","Educational","61","5384A8D9-A960-4F00-B7F2-985BFE967D1F",2023,"AL",TRUE,TRUE
"264","Educational","61","79482359-7320-4BC7-ABAC-CA2B8C223133",2023,"TX",TRUE,TRUE
"265","Educational","61","b31719c0-3c18-11ec-963f-f964320be408",2021,"NY",FALSE,FALSE
"266","Educational","61","DBDAE258-DEC8-4CC2-99BE-6F17C8033A98",2023,"AL",TRUE,TRUE
"267","Educational","61","497392D4-F56F-4588-8AF8-82940566A8D9",2023,"NY",TRUE,TRUE
"268","Educational","61","C5F35943-590A-496D-B96E-7D589606A276",2023,"MN",TRUE,TRUE
"269","Educational","61","3A1D7778-22E1-4F49-BE56-0CE2AFF26A74",2023,"OK",TRUE,TRUE
"270","Finance","52","df942480-8e92-11ec-a600-657ec2694f8f",2020,NA,TRUE,TRUE
"271","Educational","61","3AD829BD-2DA3-4F53-AF2A-EAD53F7F3E85",2023,"ID",TRUE,TRUE
"272","Trade","42","00F0ED39-CC0E-4D0C-BABA-73E80326661D",2023,"WI",TRUE,TRUE
"273","Educational","61","30402498-574C-47C5-AD27-A0BB6194F412",2023,"VA",TRUE,TRUE
"274","Healthcare","62","76FB7802-8A13-4546-9A02-16A0D127FBD0",2023,"NY",TRUE,TRUE
"275","Educational","61","06C5F7C4-E4E9-4EE9-A60A-56EBF08B2AAA",2023,"OH",TRUE,TRUE
"276","Educational","61","2D163EDB-B225-4660-B77B-38C82A72AD22",2023,"NH",TRUE,TRUE
"277","Finance","52","75548074-78CE-45D5-8DA3-E1156CE4B499",2023,"KY",TRUE,TRUE
"278","Educational","61","39CFDA8E-085C-4261-956F-FBD79E9B6CD3",2023,"AZ",TRUE,TRUE
"279","Educational","61","50DE151B-4D14-463E-AD07-D73E7AB47415",2023,"CT",TRUE,TRUE
"280","Entertainment","71","0e555c80-721f-11eb-a74a-79ed152e0098",2020,NA,FALSE,FALSE
"281","Educational","61","A66038DE-39C0-4F07-97F8-4F948CA7B6E7",2023,"NC",TRUE,TRUE
"282","Educational","61","CA0C6741-29CB-429D-8222-763A8476C3AF",2023,"NC",TRUE,TRUE
"283","Educational","61","451E6D07-4DCF-43AB-A953-F8DC8880A6F2",2023,"NC",TRUE,TRUE
"284","Educational","61","096051DB-BFB7-4CC1-81CD-C4C59A0D7082",2023,"NM",TRUE,TRUE
"285","Educational","61","3D36519D-5CA6-4039-A0ED-3611C8CAE5F0",2023,"WI",TRUE,TRUE
"286","Educational","61","9ED1483C-1FFD-41F8-BFFB-4506BDEFC5D3",2023,"SC",TRUE,TRUE
"287","Educational","61","10A5686C-2E8D-457D-914C-D970773BE0AE",2023,"MA",TRUE,TRUE
"288","Educational","61","EBEFC125-CA51-4545-94D4-8E74A5FB5FE6",2023,"IL",TRUE,TRUE
"289","Educational","61","EFF07582-93AE-44DC-A297-A4D05CD0FCDD",2023,"CT",TRUE,TRUE
"290","Educational","61","E424B46F-51F8-4561-AA10-0BB975183DC5",2023,"AL",TRUE,TRUE
"291","Educational","61","D4E8D337-A5AA-4C14-B907-C8FCA288BDAD",2023,"FL",TRUE,TRUE
"292","Educational","61","72921A0F-9AA3-43F3-993D-84F1A89FAA7C",2023,"DC",TRUE,TRUE
"293","Professional","54","c6302210-02db-11ed-8b5b-6134b3849169",2021,"OH",TRUE,TRUE
"294","Educational","61","C067A63E-6EC8-4104-A8E5-ECAF61CC172C",2023,"NC",TRUE,TRUE
"295","Educational","61","4CDC6DB4-C336-4055-BD98-C5EE7D66B222",2023,"IA",TRUE,TRUE
"296","Manufacturing","33","04ace9c0-0fde-11ec-8c66-bd734728b5ba",2020,"PA",FALSE,FALSE
"297","Finance","52","c5516ea0-0d5d-11eb-835c-77358de149b1",2020,"IL",FALSE,FALSE
"298","Information","51","E8886438-12CA-40EA-9ACE-3AC7BDC08D22",2023,"MD",TRUE,TRUE
"299","Other Services","81","e10742d0-4891-11ec-be64-495e033b0bce",2021,"IN",TRUE,TRUE
"300","Professional","54","6eb53180-e651-11eb-b667-c585fe0ca11b",2021,"NC",FALSE,FALSE
"301","Educational","61","72B07055-F2F5-4E04-95AD-17B077393D35",2023,"NC",TRUE,TRUE
"302","Information","51","fc8a4190-2468-11eb-b042-01be07ea3379",2020,"US-TX",FALSE,FALSE
"303","Educational","61","443A96C0-0A15-46A6-BBB0-DAA316D4BAAA",2023,"WA",TRUE,TRUE
"304","Educational","61","A07AA7FC-CE0F-4F68-ACD4-098D47F59634",2023,"AZ",TRUE,TRUE
"305","Administrative","56","221b00f0-0a06-11ed-84e4-4d6a8bbe6476",2022,"CO",FALSE,FALSE
"306","Finance","52","7b1e5a00-2437-11eb-af35-ed9bb3f10d5f",2020,NA,TRUE,TRUE
"307","Information","51","0faac9b0-6c95-11eb-aa83-f564cd4131c9",2020,"CA",TRUE,TRUE
"308","Accomodation","72","2922e280-0d57-11eb-835c-77358de149b1",2020,"IL",TRUE,TRUE
"309","Educational","61","0C26FD8B-E407-474A-9146-4E82633902E0",2023,"AL",TRUE,TRUE
"310","Educational","61","3A6C327A-1F7B-4DBB-8B93-C15A0A45FDDC",2023,"MO",TRUE,TRUE
"311","Educational","61","5E417C30-4F0A-480C-9B63-C77CEC817738",2023,"NC",TRUE,TRUE
"312","Professional","54","BD7885BE-E033-44FB-AC0F-E6EF0225D07A",2023,"MD",TRUE,TRUE
"313","Healthcare","62","ded03580-0d08-11ed-9141-192d7c736152",2022,"CO",TRUE,TRUE
"314","Retail","44","ee0503f0-774c-11ee-9d43-2d79ebdeb354",2022,"MA",FALSE,FALSE
"315","Public","92","78516050-3f61-11ed-a8d9-e567d58abfd4",2020,"TX",TRUE,TRUE
"316","Accomodation","72","91032590-72e2-11eb-a674-05cfd55ad89e",2020,"MD",TRUE,TRUE
"317","Educational","61","044AFCD1-2C7E-45E7-B4F8-27F16114B8A3",2023,"CO",TRUE,TRUE
"318","Educational","61","B5606CFF-80D7-47E6-BFC2-C32EA5673B97",2023,"TX",TRUE,TRUE
"319","Educational","61","DB83B675-42BA-48CA-A9BB-6DBD14C53F92",2023,"NY",TRUE,TRUE
"320","Educational","61","D8D8D5D7-789B-46AE-9680-1699EFBBDF9E",2023,"TX",TRUE,TRUE
"321","Entertainment","71","4f41cb70-f91a-11eb-98bb-95028a4c8b05",2020,"NY",FALSE,FALSE
"322","Educational","61","BD4FCF32-6750-46EB-A491-05FD0A47F184",2023,"CA",TRUE,TRUE
"323","Finance","52","F83E09EA-EA2A-4090-AD1A-CC06695BD01F",2023,"MN",TRUE,TRUE
"324","Information","51","b0733820-0a17-11ed-9141-192d7c736152",2022,NA,FALSE,FALSE
"325","Trade","42","B586DD34-B2D6-473D-8D30-F2A3E2349547",2023,"CA",TRUE,TRUE
"326","Educational","61","ACA63ECC-7C0D-4E2D-9554-A12F40907011",2023,"TX",TRUE,TRUE
"327","Information","51","07fe5b20-8e84-11ec-a600-657ec2694f8f",2020,NA,TRUE,TRUE
"328","Educational","61","B2D000F7-ADFC-4BAC-8DA9-C860E194C962",2023,"TX",TRUE,TRUE
"329","Educational","61","39BA710C-4781-4A78-9F77-26C2A2AB194B",2023,"CA",TRUE,TRUE
"330","Accomodation","72","6E8D9047-5340-44E1-A53A-C2DD2E288D4B",2023,"MN",TRUE,TRUE
"331","Healthcare","62","0d9e1290-9376-11ec-a39a-3584eb2df2ab",2020,"OH",TRUE,TRUE
"332","Trade","42","ceaa8a00-8e7a-11ec-a600-657ec2694f8f",2021,"NY",TRUE,TRUE
"333","Educational","61","9739A93D-BC0B-4B71-91F7-93A45B8640CA",2023,"MN",TRUE,TRUE
"334","Educational","61","307253CE-0C76-4465-9B01-21B4E27DCF7C",2023,"NC",TRUE,TRUE
"335","Educational","61","9ec8a860-3c0b-11ec-963f-f964320be408",2021,"CA",FALSE,FALSE
"336","Educational","61","24280592-385F-42C2-866D-996A6EA49C99",2023,"NY",TRUE,TRUE
"337","Public","92","78346410-2374-11eb-a2fc-cdee479fbead",2020,"US-DC",FALSE,FALSE
"338","Transportation","48","d29a46e0-0dd3-11ed-9141-192d7c736152",2020,NA,FALSE,FALSE
"339","Other Services","81","5c21bd90-05b4-11ec-a755-057d35a918cc",2021,"WA",TRUE,TRUE
"340","Educational","61","6F51AF3F-D1F6-484E-92AB-247FF4BA0D74",2023,"GA",TRUE,TRUE
"341","Educational","61","053A1551-4239-4F3F-B899-C633E97642AE",2023,"CA",TRUE,TRUE
"342","Retail","44","09fbea80-da77-11eb-bcc7-b7194a064c3e",2021,NA,FALSE,FALSE
"343","Public","92","41826F1B-415D-4EFB-894F-6A7C971640C0",2023,"OR",TRUE,TRUE
"344","Educational","61","0078E54A-B5D8-42E3-8D95-7B767E71EA36",2023,"VA",TRUE,TRUE
"345","Educational","61","E1572CFA-A232-48B1-9FCB-0EF2AFFFBC3E",2023,"OK",TRUE,TRUE
"346","Finance","52","191D72DF-765E-4305-A0B7-7D0B9D62B000",2023,"TX",TRUE,TRUE
"347","Educational","61","69327790-8e6c-11ec-a600-657ec2694f8f",2021,"NY",TRUE,TRUE
"348","Finance","52","DDD3F3FB-0CF2-4786-8473-2C604DD70ABD",2023,"CA",TRUE,TRUE
"349","Finance","52","e5304eb0-4b3d-11ed-97e9-d97d698656bd",2021,"NY",FALSE,FALSE
"350","Educational","61","CC8FA57C-BEBA-43E6-A3DB-7D10B021B18C",2023,"SC",TRUE,TRUE
"351","Educational","61","2E823681-26B3-4B51-9431-6FA73195856D",2023,"CA",TRUE,TRUE
"352","Educational","61","F3502998-B80E-4DB6-B8C6-D35E3CF7121C",2023,"NY",TRUE,TRUE
"353","Educational","61","4523166B-1B39-46CD-A0BB-A11930D1EB12",2023,"NC",TRUE,TRUE
"354","Educational","61","D0C1F470-C0FB-4A45-86FE-98B9FD60E426",2023,"OK",TRUE,TRUE
"355","Educational","61","D10EFBCE-7C17-4AA5-A813-6383D3E76C32",2023,"VA",TRUE,TRUE
"356","Educational","61","466B8EDA-EECC-40E6-8262-D548F7DC3057",2023,"TX",TRUE,TRUE
"357","Information","51","f243a2f0-1a1f-11ec-9cee-0b92cf8d85df",2020,"CA",FALSE,FALSE
"358","Healthcare","62","3c08b400-10ae-11ec-ac2c-abfc822846a5",2020,"TN",FALSE,FALSE
"359","Educational","61","A2BCE90E-E189-4ED1-9BC8-78AD4EF29485",2023,"NE",TRUE,TRUE
"360","Public","92","c7a4ef30-83d2-11ee-898d-0f9c5bf59690",2022,"IN",TRUE,TRUE
"361","Educational","61","56D813A6-8A2D-4C98-BF99-56CC7F255F15",2023,"MO",TRUE,TRUE
"362","Healthcare","62","edbe9c20-7a6d-11ee-b391-931271d090d0",2023,"MA",TRUE,TRUE
"363","Healthcare","62","0abcae20-a3e1-11ed-8c67-f3bb261b8cc7",2021,"OH",TRUE,TRUE
"364","Educational","61","B2E956B1-10FF-4369-B4B7-EDFBE51A8952",2023,"CO",TRUE,TRUE
"365","Professional","54","e9af58f0-2290-11eb-940b-ff2256f17cee",2020,"UT",FALSE,FALSE
"366","Educational","61","1A77943D-93BD-4C57-8A89-A8B6659F3281",2023,"TX",TRUE,TRUE
"367","Educational","61","B6CEE31E-05F3-46AC-8C57-78A67D486DF3",2023,"NY",TRUE,TRUE
"368","Educational","61","47f52720-7fde-11ee-a4c1-3bbfd6b8c865",2023,"VA",TRUE,TRUE
"369","Educational","61","9B6157CD-BD84-4D69-9D25-A93FB496A7E9",2023,"CA",TRUE,TRUE
"370","Educational","61","72511BA8-F996-42EF-81E4-CE8351EF6FDF",2023,"WA",TRUE,TRUE
"371","Educational","61","5EE40EB7-308F-4FCE-ACC3-12B210FBDE29",2023,"MN",TRUE,TRUE
"372","Educational","61","C1239FF6-A606-4273-A72E-F23788AA9421",2023,"VT",TRUE,TRUE
"373","Educational","61","986AF152-56B3-4356-B15C-0B6353796286",2023,"CO",TRUE,TRUE
"374","Manufacturing","31","6058b890-7809-11ee-bc37-a72cd56f0af8",2023,NA,FALSE,FALSE
"375","Educational","61","CB8E775F-C2E3-4043-AE45-519239813504",2023,"NY",TRUE,TRUE
"376","Healthcare","62","fc8fef30-251e-11eb-af35-ed9bb3f10d5f",2020,"HI",FALSE,FALSE
"377","Educational","61","C393C404-5C8B-48D0-B570-98634999772E",2023,"MS",TRUE,TRUE
"378","Public","92","2918bf10-1298-11ed-b2f5-3585c75e0457",2020,"VA",FALSE,FALSE
"379","Healthcare","62","06019440-141c-11ed-bbec-35a645e8fbd2",2020,"TX",FALSE,FALSE
"380","Educational","61","7AEF1E8B-2A35-4AF7-9396-26BD6441CFD0",2023,"IL",TRUE,TRUE
"381","Retail","44","f78a6060-0fcf-11eb-afe7-87eff9df4bdb",2020,"MA",TRUE,TRUE
"382","Educational","61","DB6259D0-3687-48C5-9393-447F440B1F34",2023,"TX",TRUE,TRUE
"383","Real Estate","53","380541e0-2395-11eb-a2fc-cdee479fbead",2020,"US-CA",FALSE,FALSE
"384","Educational","61","41C14EA1-73CE-4F01-9306-67FEFE413BEE",2023,"NY",TRUE,TRUE
"385","Healthcare","62","5f6db670-8e7b-11ec-8536-fdd879d89dfb",2021,"PA",TRUE,TRUE
"386","Educational","61","0E38F091-3360-4492-B5CC-EBA7B71417C9",2023,"CA",TRUE,TRUE
"387","Entertainment","71","d36c0920-38f1-11ed-abeb-7bd6dfb554a8",2022,"CA",TRUE,TRUE
"388","Educational","61","675E6393-597A-474D-A812-274A44DE4049",2023,"ME",TRUE,TRUE
"389","Educational","61","D1707C2D-D647-4209-81E9-DF04F9EC7227",2023,"NJ",TRUE,TRUE
"390","Educational","61","DDDB75FF-9152-404D-B552-AB17D67F0DE6",2023,"MI",TRUE,TRUE
"391","Educational","61","D953FE45-4276-44C8-828D-BB544637CD9F",2023,"MI",TRUE,TRUE
"392","Healthcare","62","39e13e20-382d-11ed-abeb-7bd6dfb554a8",2021,"MI",TRUE,TRUE
"393","Educational","61","D45BE98A-ADE4-4032-BE9C-9344DC1333B7",2023,"GA",TRUE,TRUE
"394","Professional","54","89dd54a0-d9af-11eb-96ea-fd8a03dbb673",2021,"OH",TRUE,TRUE
"395","Educational","61","1DFC81D8-FD52-406B-83C7-9FBB2C4658B1",2023,"NY",TRUE,TRUE
"396","Educational","61","96DD95AC-870F-42E3-B605-5A549219C5FE",2023,"AL",TRUE,TRUE
"397","Educational","61","59AA4FB1-B842-4B36-A455-06E694812EC9",2023,"PA",TRUE,TRUE
"398","Educational","61","42DE2429-6524-4EA1-AED9-62A4986EFAE3",2023,"NV",TRUE,TRUE
"399","Information","51","ef22c2a0-83c6-11ee-94c6-6fecd7388f85",2022,"IL",TRUE,TRUE
"400","Educational","61","F9716A1D-A679-453F-83AD-0FDD3D69CF74",2023,"KS",TRUE,TRUE
"401","Educational","61","B2563EB8-3912-4545-BB82-3C0BE0815254",2023,"WI",TRUE,TRUE
"402","Educational","61","B539892D-7A2B-46D5-B21A-26BA786F9FDF",2023,"CA",TRUE,TRUE
"403","Manufacturing","33","edbe9c20-7a6d-11ee-b391-931271d090d0",2023,"MN",TRUE,TRUE
"404","Educational","61","FA813620-DAF0-4A0C-A090-E91B1E9CE0D7",2023,"OH",TRUE,TRUE
"405","Educational","61","01398F49-8A74-49E9-83C5-EA00C76AE2C8",2023,"SC",TRUE,TRUE
"406","Information","51","9B624817-AD5C-4D34-99A0-A0BFB25B119D",2023,"CA",TRUE,TRUE
"407","Educational","61","6185EC46-0DF9-4C9A-9DC4-2A597741597B",2023,"NY",TRUE,TRUE
"408","Healthcare","62","28daba60-251b-11eb-af35-ed9bb3f10d5f",2020,"NJ",TRUE,TRUE
"409","Transportation","48","35497490-1983-11ed-ac8d-a1874ec50e39",2022,NA,TRUE,TRUE
"410","Educational","61","0426959A-D571-4B91-8B41-2186E57427F3",2023,"OK",TRUE,TRUE
"411","Finance","52","74E63A88-380D-4BBF-84EB-40B94CE50270",2023,"MS",TRUE,TRUE
"412","Educational","61","9997afc0-3be4-11ec-963f-f964320be408",2021,"IA",FALSE,FALSE
"413","Finance","52","228A53A4-7C0D-480B-8742-C6946372E062",2023,"DE",TRUE,TRUE
"414","Educational","61","18154283-0607-4F62-8D89-0A64B28BF7EA",2023,"WV",TRUE,TRUE
"415","Educational","61","401AA10B-A5B6-4264-B2D1-8CA8802544AA",2023,"CO",TRUE,TRUE
"416","Educational","61","3334ADC2-CC98-481B-AE73-5A13CA5D6755",2023,"MA",TRUE,TRUE
"417","Educational","61","13C06D11-C59C-4536-B9CE-FCA0CCD79C1A",2023,"TX",TRUE,TRUE
"418","Educational","61","C7ED3083-7E0D-4707-BC26-8184AFE4D6DC",2023,"NC",TRUE,TRUE
"419","Professional","54","661000d0-2376-11eb-b77f-316b5c5dd5eb",2020,"CA",TRUE,TRUE
"420","Educational","61","FD20AB46-ED89-4864-B056-E01253577148",2023,"MA",TRUE,TRUE
"421","Educational","61","02B41566-0A74-4E8E-B1BE-5096C7C04718",2023,"OK",TRUE,TRUE
"422","Educational","61","57A5D128-3DCC-46A1-8BBD-6024B0BDDF19",2023,"MO",TRUE,TRUE
"423","Educational","61","178B47B3-4C8E-4CDD-AFA0-063C4DADCE77",2023,"CO",TRUE,TRUE
"424","Educational","61","01A8AB26-EB06-4723-A927-46BE7C4A244E",2023,"OK",TRUE,TRUE
"425","Educational","61","5F7B7E32-05B2-45D4-8D48-BE2A05687D14",2023,"TX",TRUE,TRUE
"426","Healthcare","62","94feee20-464b-11ed-9a6c-911ade1670b5",2020,"US-FL",TRUE,TRUE
"427","Educational","61","37DF279C-5E68-45E1-BD6F-5407961FE474",2023,"NV",TRUE,TRUE
"428","Educational","61","d193ecb0-a1b0-11ea-aa67-0b6b068266ad",2020,"FL",TRUE,TRUE
"429","Educational","61","35DB8868-C032-42B3-A722-BB0FE97DBA69",2023,"NC",TRUE,TRUE
"430","Utilities","22","84A5008B-7F28-429E-BEBE-37E959CB7A44",2023,"DC",TRUE,TRUE
"431","Information","51","5449b810-72d5-11eb-b847-53c7fcddcc7a",2020,"PA",FALSE,FALSE
"432","Educational","61","82753383-BCE5-4D9A-A103-D9BE04F02471",2023,"WA",TRUE,TRUE
"433","Educational","61","F8B1B67A-8318-4085-8FAA-AD67A12B9B4E",2023,"CA",TRUE,TRUE
"434","Educational","61","A5B714BD-9B59-4C94-B19A-831C55528569",2023,"MA",TRUE,TRUE
"435","Educational","61","E4CB6DFF-8305-4C25-B182-69BCE53253B2",2023,"IL",TRUE,TRUE
"436","Healthcare","62","a249e570-f2ac-11ea-8781-7798bdcc4349",2020,"CA",TRUE,TRUE
"437","Educational","61","9F9D8144-6A8E-4F1B-86F5-E174E2B50B78",2023,"CA",TRUE,TRUE
"438","Educational","61","79253309-BF84-42A7-9B1C-FAA3F25B2741",2023,"NJ",TRUE,TRUE
"439","Healthcare","62","c2c5d350-04ad-11eb-8c43-8ded27596b66",2020,"MD",TRUE,TRUE
"440","Educational","61","180AA6E1-5076-4EC9-BB73-88F81D927257",2023,"NY",TRUE,TRUE
"441","Professional","54","30dbfdd0-736c-11ee-8da1-4f2f8c80e63f",2023,"NY",FALSE,FALSE
"442","Educational","61","6C903AA9-2FDA-481F-92FE-B6DCEF1C0C1A",2023,"MA",TRUE,TRUE
"443","Educational","61","55F2A373-B26E-477C-83DB-D0B522753337",2023,"PA",TRUE,TRUE
"444","Educational","61","2A4478CD-2410-446C-ABB6-AFA5499F3C74",2023,"WI",TRUE,TRUE
"445","Healthcare","62","4c3d68a0-2501-11eb-af35-ed9bb3f10d5f",2020,"DE",FALSE,FALSE
"446","Information","51","bd056f50-92a2-11ec-a39a-3584eb2df2ab",2021,"FL",TRUE,TRUE
"447","Educational","61","319402D4-F6B2-4321-8F6C-695F1F3B16CE",2023,"PA",TRUE,TRUE
"448","Healthcare","62","d496f1c0-0c93-11eb-ac0d-91a70ee1d655",2020,"PA",FALSE,FALSE
"449","Educational","61","36200D7F-0693-41C0-90F7-112BAAE1D3F2",2023,"MI",TRUE,TRUE
"450","Educational","61","2D25AD7D-DB00-488E-8D5B-86A0E7CF5EF8",2023,"CA",TRUE,TRUE
"451","Information","51","bc1d49b0-72c2-11eb-a674-05cfd55ad89e",2020,"TN",TRUE,TRUE
"452","Educational","61","61F5D620-6DD4-4757-B662-E6696557ED7D",2023,"OH",TRUE,TRUE
"453","Finance","52","F5525FA9-ACBC-46E1-B572-4661B3251067",2023,"OK",TRUE,TRUE
"454","Educational","61","901612AF-8C2C-4231-B537-68994FB15F05",2023,"WY",TRUE,TRUE
"455","Educational","61","7BA0D0C5-3A59-4ECD-AB7C-3BB2E6E52792",2023,"OK",TRUE,TRUE
"456","Educational","61","5BB8948A-B752-4BC4-B0EB-00D9125B21CF",2023,"NC",TRUE,TRUE
"457","Educational","61","FD87BD4B-99F4-4552-A38C-3204EABBAB81",2023,"CA",TRUE,TRUE
"458","Educational","61","BF998CD9-4078-41F8-9D82-6B600DC07E7D",2023,"MI",TRUE,TRUE
"459","Professional","54","dca5b490-391f-11ed-a11a-bb811330b875",2022,"US-NY",FALSE,FALSE
"460","Finance","52","296df8b0-8e7a-11ec-a600-657ec2694f8f",2020,"NY",FALSE,FALSE
"461","Educational","61","0749F49D-726E-49F6-BFF6-B26C8F31FF84",2023,"PA",TRUE,TRUE
"462","Educational","61","39E9B13C-F976-46AD-BD21-6822DBC9327D",2023,"CA",TRUE,TRUE
"463","Finance","52","FF8E6DC5-2087-4312-8E1C-D97C0A2DC9C0",2023,"NM",TRUE,TRUE
"464","Professional","54","3040FBF4-681E-45BD-8599-E6A66B819CB6",2023,"CA",TRUE,TRUE
"465","Educational","61","62061F57-B3AF-432B-B129-AC742C405A2E",2023,"NC",TRUE,TRUE
"466","Educational","61","2A04C7C9-6758-4D47-9823-87588C9E62AD",2023,"NY",TRUE,TRUE
"467","Retail","44","9d9c17c0-7830-11ee-aff5-65f5e013890e",2022,NA,TRUE,TRUE
"468","Educational","61","18BE0658-E2C9-40A3-A748-4AF26C10A2A7",2023,"NY",TRUE,TRUE
"469","Finance","52","C8579E7A-8E6E-4FB7-840A-34A287193523",2023,"OR",TRUE,TRUE
"470","Educational","61","85077D48-10D5-4119-A09E-FDFA26B3639C",2023,"MA",TRUE,TRUE
"471","Educational","61","2E6061D6-4C1D-49BB-BC77-DB4008826C89",2023,"WA",TRUE,TRUE
"472","Educational","61","8A8D4ED0-67F6-4C3E-99DA-34AFB58F70D8",2023,"MD",TRUE,TRUE
"473","Healthcare","62","8742b780-3e6c-11ed-8ffa-ebb9abb0c009",2021,"US-WV",TRUE,TRUE
"474","Information","51","9dfee740-3436-11ed-b144-457a87672420",2022,"US-CA",TRUE,TRUE
"475","Educational","61","A95457A5-916C-4794-8C61-C5B0A8E22652",2023,"AZ",TRUE,TRUE
"476","Educational","61","BF6C1C83-8927-4AE2-9129-255264615C63",2023,"IL",TRUE,TRUE
"477","Educational","61","4B1BC856-5503-4325-B925-C96704D40ECA",2023,"AL",TRUE,TRUE
"478","Educational","61","cbd6a9c0-8ddb-11ec-bb25-234a6ad089e5",2021,"WI",FALSE,FALSE
"479","Educational","61","0D1911C1-9308-4AAF-A258-65091960E535",2023,"NY",TRUE,TRUE
"480","Educational","61","B197BEB7-0AA5-4589-A89B-1F84FC4A60F9",2023,"NC",TRUE,TRUE
"481","Information","51","5cfa3090-8dda-11ec-bb25-234a6ad089e5",2020,"MN",TRUE,TRUE
"482","Educational","61","766BD600-82E9-47CB-AE2F-8C4FF6B5DD56",2023,"NY",TRUE,TRUE
"483","Educational","61","242C88C1-0958-411A-A082-9D8013AFC68D",2023,"NY",TRUE,TRUE
"484","Educational","61","424287FD-A8F3-4962-B564-29D135C5D8E0",2023,"OH",TRUE,TRUE
"485","Educational","61","8acc4a80-1e4e-11ed-a957-9f20ba7b4dd5",2022,"IA",TRUE,TRUE
"486","Educational","61","6BDF90D5-B00E-4466-AEE9-C34C8A2A7569",2023,"NC",TRUE,TRUE
"487","Educational","61","1814EBA1-6124-43C9-A9B1-A66B4AE90411",2023,"CA",TRUE,TRUE
"488","Manufacturing","32","eee3c050-402e-11ed-a8d9-e567d58abfd4",2021,"NJ",TRUE,TRUE
"489","Educational","61","A68380EC-B9D9-4529-9EA7-B2BC85FC3BFD",2023,"IA",TRUE,TRUE
"490","Educational","61","F0F64821-393E-40D7-8010-5E4A822F5AC0",2023,"KY",TRUE,TRUE
"491","Healthcare","62","2ca41da0-f206-11ea-9eb3-fb45745214a6",2020,"TX",FALSE,FALSE
"492","Professional","54","51DEB88F-D09A-4104-A5BC-E6D0A805C778",2023,"NY",TRUE,TRUE
"493","Public","92","59D01D1C-4227-4405-BE14-269D58B7CC59",2023,"PA",TRUE,TRUE
"494","Educational","61","E12D449C-E9C9-43F9-A72D-E4AA8F5E72AE",2023,"NM",TRUE,TRUE
"495","Educational","61","DF7373C5-355B-4C76-89B1-2AD179E79F50",2023,"KY",TRUE,TRUE
"496","Healthcare","62","61a62450-10c6-11ec-ac2c-abfc822846a5",2020,"CO",FALSE,FALSE
"497","Educational","61","DEF10D37-FFC9-4AFB-BD3F-614BA7B8263B",2023,"CA",TRUE,TRUE
"498","Educational","61","82270E95-F348-4EA0-9E43-3DDE2921305A",2023,"NY",TRUE,TRUE
"499","Educational","61","BBBA1105-EF05-46F8-98D6-32280BC528D1",2023,"NY",TRUE,TRUE
"500","Educational","61","98EDA9F4-745B-4DFF-86D1-404894E6188A",2023,"NY",TRUE,TRUE
"501","Healthcare","62","c44d0c10-da73-11eb-bcc7-b7194a064c3e",2021,"AZ",FALSE,FALSE
"502","Finance","52","BF2C1216-F662-41DF-B595-EEBE44C4A5FE",2023,"NJ",TRUE,TRUE
"503","Educational","61","B9C14A02-F487-4D2A-A61E-30FBB362A15B",2023,"WA",TRUE,TRUE
"504","Educational","61","B938D911-5389-49A8-816D-B7E6B380CDF2",2023,"PA",TRUE,TRUE
"505","Educational","61","2F44EA49-F62D-40D8-8A78-BF74450E7C36",2023,"MA",TRUE,TRUE
"506","Educational","61","749D01A5-3C1E-4709-899C-09A585638BF2",2023,"MO",TRUE,TRUE
"507","Educational","61","6C484FE9-A5B2-492E-982E-406D3DA3A3B2",2023,"CA",TRUE,TRUE
"508","Educational","61","9B7555E3-6DF8-4B29-B084-3240EDFB3414",2023,"GA",TRUE,TRUE
"509","Finance","52","C5C77144-79BF-47AC-AF6B-F60E52E688E4",2023,"OK",TRUE,TRUE
"510","Educational","61","B108822E-CB38-4C15-A6A7-C56B031C76A2",2023,"MD",TRUE,TRUE
"511","Educational","61","82EEA48A-AEE3-42DA-9611-5CF02E07F849",2023,"AZ",TRUE,TRUE
"512","Healthcare","62","67dd0700-79a4-11ee-bc37-a72cd56f0af8",2023,"TN",TRUE,TRUE
"513","Educational","61","BD4AA216-12FA-4E45-9576-55591B968D5F",2023,"NY",TRUE,TRUE
"514","Educational","61","58533E3A-FE19-43F1-B20F-78B190D5EF47",2023,"PA",TRUE,TRUE
"515","Educational","61","D0BFD11D-AE29-47B0-AC17-B81230EFC055",2023,"GA",TRUE,TRUE
"516","Public","92","edbe9c20-7a6d-11ee-b391-931271d090d0",2023,"CA",TRUE,TRUE
"517","Finance","52","FF9E09B7-530D-44A7-87F3-EECE3F1A2E84",2023,"TX",TRUE,TRUE
"518","Public","92","36f0bcc0-1e35-11ed-a957-9f20ba7b4dd5",2022,"NM",TRUE,TRUE
"519","Educational","61","86E92590-DB08-4BFE-A911-3E5D5D9F4AB1",2023,"OH",TRUE,TRUE
"520","Information","51","cdd11390-2095-11ec-82c4-4d3486f21395",2021,"CA",TRUE,TRUE
"521","Educational","61","D376AC9C-D89C-40A6-A0B1-F53B672E630F",2023,"CA",TRUE,TRUE
"522","Professional","54","b6cfc590-72e1-11eb-a674-05cfd55ad89e",2020,"GA",FALSE,FALSE
"523","Educational","61","5743AD83-DF27-4340-A4DE-54539F061D9B",2023,"NY",TRUE,TRUE
"524","Retail","44","f6094a50-35ff-11ed-9153-3540a8e4c67f",2022,"US-MA",FALSE,FALSE
"525","Educational","61","BD298B02-6B30-4817-AA81-6C20B4841D87",2023,"AZ",TRUE,TRUE
"526","Professional","54","42f48e40-457f-11ed-a8d9-e567d58abfd4",2021,"OK",TRUE,TRUE
"527","Educational","61","40377130-6844-4836-979D-7DEAF377D1E5",2023,"NC",TRUE,TRUE
"528","Educational","61","57156B5B-9BB6-450C-A8E9-849AC20517AE",2023,"KY",TRUE,TRUE
"529","Educational","61","142FD4D4-C9EB-4A63-A63A-B9F936B51D38",2023,"TX",TRUE,TRUE
"530","Educational","61","6FB84119-D26D-45F8-B949-E2A065CA381C",2023,"AL",TRUE,TRUE
"531","Real Estate","53","2b219d40-2393-11eb-a2fc-cdee479fbead",2020,"US-GA",FALSE,FALSE
"532","Educational","61","C2275DDB-2D01-4564-8170-1C5068574BAC",2023,"CA",TRUE,TRUE
"533","Finance","52","5806e090-1423-11ed-8e9a-8d190bbfd024",2022,"OH",FALSE,FALSE
"534","Educational","61","AA3E23DF-D79A-4834-9A2F-6B4B6BF3997A",2023,"UNKNOWN",TRUE,TRUE
"535","Educational","61","ACC107A6-5AD6-4D60-8B2C-A3EF1A9BFE3A",2023,"NJ",TRUE,TRUE
"536","Transportation","48","9A0DBAAB-7202-4870-A147-5C12855A9B9D",2023,"NV",TRUE,TRUE
"537","Healthcare","62","d51c7080-1d1d-11eb-866e-51f25f42af12",2020,NA,FALSE,FALSE
"538","Public","92","d2d4f030-7509-11ee-8da1-4f2f8c80e63f",2023,"KS",FALSE,FALSE
"539","Educational","61","C72BC0DC-5B35-401D-AC27-ED326ED43C62",2023,"ID",TRUE,TRUE
"540","Educational","61","D00DD7D0-73A4-4FDB-858C-BFC225564D36",2023,"FL",TRUE,TRUE
"541","Educational","61","7E42A1AC-7E48-4D28-A91D-A70635ED5851",2023,"NY",TRUE,TRUE
"542","Educational","61","2A85CC34-5181-499E-938E-C9191233F02A",2023,"TX",TRUE,TRUE
"543","Educational","61","0056A54E-A29A-431E-94C5-E6448FA007D2",2023,"MA",TRUE,TRUE
"544","Educational","61","4A3DDA64-91D7-47A4-86A7-786AEFB5CA78",2023,"NC",TRUE,TRUE
"545","Educational","61","B1AE125E-EC8F-427E-92CB-9C03DEDA8078",2023,"KS",TRUE,TRUE
"546","Educational","61","A0504126-BDD2-41A2-BAA2-31E6CE3E0D2C",2023,"VA",TRUE,TRUE
"547","Finance","52","FE4FC4B7-2537-40EF-B3EF-C1A366007FA5",2023,"TX",TRUE,TRUE
"548","Educational","61","030ED21C-F50D-4894-B70F-8F3C4122093A",2023,"TX",TRUE,TRUE
"549","Educational","61","EC0A011A-E24B-4CB4-830E-DF5AEB3B9367",2023,"MS",TRUE,TRUE
"550","Educational","61","E20F9CCA-8E45-43AA-AD4A-31213CB7D424",2023,"CA",TRUE,TRUE
"551","Educational","61","71BFD163-4DBE-427C-A64F-5C845616DAD2",2023,"TX",TRUE,TRUE
"552","Educational","61","B221A831-5F8F-4A4D-A02C-BB26CC14835A",2023,"WI",TRUE,TRUE
"553","Educational","61","6F046154-5AB7-4395-9C4B-F17706FBF7FB",2023,"CA",TRUE,TRUE
"554","Educational","61","6099E577-90D3-415E-8F39-29A5209556F0",2023,"AZ",TRUE,TRUE
"555","Public","92","d43647d0-a1ae-11ea-aa67-0b6b068266ad",2020,"AR",TRUE,TRUE
"556","Educational","61","544da580-d9a8-11eb-96ea-fd8a03dbb673",2020,"LA",FALSE,FALSE
"557","Educational","61","82C71FC3-1F12-461D-AECF-45B2B33489A2",2023,"PA",TRUE,TRUE
"558","Educational","61","560E9918-3D6E-4B10-A99D-400BB8884A3C",2023,"WA",TRUE,TRUE
"559","Educational","61","CB23077C-894D-48BE-9B02-B1E3DDF64A87",2023,"AZ",TRUE,TRUE
"560","Educational","61","C6BC31E8-9812-4C07-B17A-D83708C18061",2023,"CA",TRUE,TRUE
"561","Educational","61","427EE83E-EAFB-456C-A10A-6297B56246BD",2023,"FL",TRUE,TRUE
"562","Educational","61","41cf5b40-8e7c-11ec-ab9f-33907697f3a6",2020,"LA",TRUE,TRUE
"563","Finance","52","687AF9E8-70A3-4C88-93EF-DB390EDF40CD",2023,"IN",TRUE,TRUE
"564","Educational","61","4B08DBFC-CB39-4DA6-A80B-4E5A9518ABA6",2023,"MN",TRUE,TRUE
"565","Healthcare","62","d15cc8d0-a99a-11ed-aa48-c57b469b256d",2021,"FL",TRUE,TRUE
"566","Professional","54","aa7bffa0-4fc8-11ed-b425-911ebaacea9c",2022,"MI",FALSE,FALSE
"567","Finance","52","6EF6C903-12E0-4D3D-B36C-8A78518E7C8E",2023,"VA",TRUE,TRUE
"568","Educational","61","4E6C4FB1-34D0-46DC-80B6-597FB1A114E0",2023,"NC",TRUE,TRUE
"569","Healthcare","62","961f7b60-345a-11ed-b144-457a87672420",2022,"US-TN",FALSE,FALSE
"570","Educational","61","F3F94FC3-7DA5-4FE0-BD38-5D94FA56E56C",2023,"OK",TRUE,TRUE
"571","Educational","61","32BFB5C7-6499-40E2-9DD7-B478DFBF0EE9",2023,"CT",TRUE,TRUE
"572","Educational","61","CC25785E-AB39-4DEB-81CC-5127A787BD4E",2023,"NY",TRUE,TRUE
"573","Educational","61","82F2C014-3806-432D-99BC-8BE4F45E9C1C",2023,"NY",TRUE,TRUE
"574","Professional","54","5adf0d10-e968-11eb-9aea-07892f56ef76",2020,"OR",FALSE,FALSE
"575","Finance","52","EA4395B6-2B18-4BC3-8D2B-C8DF908E2C23",2023,"FL",TRUE,TRUE
"576","Educational","61","BFCF60D4-F071-4B00-BC5D-DBDFD29D846E",2023,"CA",TRUE,TRUE
"577","Finance","52","A72DCFA1-40AD-4D3A-BB8F-946A79B79646",2023,"AR",TRUE,TRUE
"578","Educational","61","20C7CE4D-B888-453E-967E-3E05098217A9",2023,"TX",TRUE,TRUE
"579","Educational","61","85A033C2-80E6-4EBA-982C-4502EC7AD041",2023,"NE",TRUE,TRUE
"580","Finance","52","83568F0E-C7FA-4376-94B8-5FA76BF28C53",2023,"NE",TRUE,TRUE
"581","Educational","61","0279F9F0-E3FD-484B-A536-537BB6A5257D",2023,"UT",TRUE,TRUE
"582","Educational","61","F542DF81-671A-475C-BA07-02790F330792",2023,"MS",TRUE,TRUE
"583","Educational","61","45C6FC0B-F2D5-481A-ABBF-18E6407D8AB3",2023,"GA",TRUE,TRUE
"584","Administrative","56","c8a50420-0cbe-11ec-a2d0-f3cc343be99c",2020,NA,FALSE,FALSE
"585","Professional","54","61c9a0c0-7f27-11ee-a021-bbe4713468e2",2023,"NJ",TRUE,TRUE
"586","Educational","61","D75B395D-A14F-4DD5-8E75-013A64A2C928",2023,"PA",TRUE,TRUE
"587","Educational","61","0E4F5487-1DFF-4A4E-9ABA-9786DDB0FA33",2023,"TN",TRUE,TRUE
"588","Public","92","f16254f0-2da1-11eb-8132-47626699b560",2020,"GA",FALSE,FALSE
"589","Information","51","1b450930-f6c9-11ea-b7b2-2361ceadc5c7",2020,"FL",FALSE,FALSE
"590","Educational","61","5845C881-8D8C-4892-A4C8-BEF03B35E46D",2023,"CA",TRUE,TRUE
"591","Finance","52","285B5198-C44E-4705-993D-BD67C76C1FB4",2023,"CA",TRUE,TRUE
"592","Educational","61","AE0FE1BC-A526-4BEF-A255-ECBEA75B7D54",2023,"CA",TRUE,TRUE
"593","Educational","61","370535EB-31DA-4059-8879-0AE17BDA0B86",2023,"TX",TRUE,TRUE
"594","Healthcare","62","9c59a8e0-04b7-11eb-8c43-8ded27596b66",2020,"CA",TRUE,TRUE
"595","Educational","61","A1F553CC-7CE8-49E7-BF70-B32E769BD257",2023,"NC",TRUE,TRUE
"596","Educational","61","90D509D0-159D-4995-B8FC-2A271936A47D",2023,"WI",TRUE,TRUE
"597","Educational","61","FB2988C3-4ED9-4519-BD57-1CB2D68EA435",2023,"IL",TRUE,TRUE
"598","Educational","61","70CCA44E-4149-414A-B43A-4F384659D980",2023,"CA",TRUE,TRUE
"599","Healthcare","62","3cfb9fb0-35cb-11ed-9153-3540a8e4c67f",2020,"US-OH",FALSE,FALSE
"600","Professional","54","FAE70058-21AB-4C3C-A0C9-7360A405B9B9",2023,"VA",TRUE,TRUE
"601","Educational","61","BF15B24A-2156-437A-8BDB-E4FC8278FC9F",2023,"NJ",TRUE,TRUE
"602","Accomodation","72","EBF16BAA-92CF-49B0-AC31-B8BD65CE33FE",2023,"MN",TRUE,TRUE
"603","Educational","61","06932B54-3695-48DC-B036-00D7827BDE6B",2023,"NJ",TRUE,TRUE
"604","Educational","61","2CCED73F-C7D3-4458-9D32-6A8ACD641B56",2023,"MN",TRUE,TRUE
"605","Educational","61","A9984DC0-6ED0-4074-9AEC-1138EBE4F5CC",2023,"MO",TRUE,TRUE
"606","Educational","61","A3CF084D-E41F-462B-84F7-1C8C4B804640",2023,"KS",TRUE,TRUE
"607","Public","92","1a823110-780a-11ee-a9cf-35532141bb65",2022,"DC",TRUE,TRUE
"608","Professional","54","247870a0-3278-11ec-a962-0f8a4d8d5131",2021,"MA",FALSE,FALSE
"609","Manufacturing","32","edbe9c20-7a6d-11ee-b391-931271d090d0",2023,"CA",TRUE,TRUE
"610","Finance","52","1AB04666-B499-4A7E-BC48-703FB9DC4168",2023,"MS",TRUE,TRUE
"611","Educational","61","8A48011D-0892-43F1-A321-8BC8B5C8B90D",2023,"PA",TRUE,TRUE
"612","Information","51","30dbfdd0-736c-11ee-8da1-4f2f8c80e63f",2023,"CA",FALSE,FALSE
"613","Educational","61","0867EF91-E13F-46D0-B601-5B7ED0608693",2023,"IA",TRUE,TRUE
"614","Finance","52","EE8B7740-CCEE-4EE1-8D82-7E096DE58825",2023,"IN",TRUE,TRUE
"615","Professional","54","147d3de0-467a-11ed-9a6c-911ade1670b5",2021,"US-NM",TRUE,TRUE
"616","Educational","61","463F459B-3F1E-4595-B2B3-EA171588CC26",2023,"NY",TRUE,TRUE
"617","Educational","61","81A0B15E-D2A7-4A06-8756-859E96018213",2023,"MD",TRUE,TRUE
"618","Educational","61","4E45EF0C-9307-4C97-B17B-409F5F1EA964",2023,"TX",TRUE,TRUE
"619","Healthcare","62","712016a0-4597-11ed-9a6c-911ade1670b5",2022,"US-NY",TRUE,TRUE
"620","Educational","61","372575D0-AB30-4BBF-8E2D-DA828986C59C",2023,"MA",TRUE,TRUE
"621","Educational","61","A405CEB2-09DD-4BA3-8B62-B0F8E48FDA48",2023,"MO",TRUE,TRUE
"622","Educational","61","95023FDD-8147-4D59-8F6E-7F2892235EA9",2023,"NY",TRUE,TRUE
"623","Manufacturing","33","d15cc8d0-a99a-11ed-aa48-c57b469b256d",2021,"NC",FALSE,FALSE
"624","Educational","61","E2F85F17-2A2C-47DC-A04D-F386B68D8BC0",2023,"CA",TRUE,TRUE
"625","Finance","52","c9330f10-7736-11ee-a9cf-35532141bb65",2022,"IL",TRUE,TRUE
"626","Educational","61","57566930-8634-4186-81A0-B9408A921E25",2023,"NC",TRUE,TRUE
"627","Healthcare","62","4ee44840-3e76-11ed-8ffa-ebb9abb0c009",2021,"US-WV",TRUE,TRUE
"628","Healthcare","62","6b65eb10-4031-11ed-a8d9-e567d58abfd4",2021,"GA",FALSE,FALSE
"629","Educational","61","B62A3F67-4766-479A-9113-B63EBA388848",2023,"FL",TRUE,TRUE
"630","Healthcare","62","eec19400-d827-11eb-a5a2-812629c6bc41",2021,"AZ",FALSE,FALSE
"631","Finance","52","F70056BD-CE7D-40ED-8E90-CE4D885B7431",2023,"MN",TRUE,TRUE
"632","Educational","61","070F2BE7-7D34-44B8-B3FF-0251C78AA3A5",2023,"OH",TRUE,TRUE
"633","Educational","61","6926DC45-F457-4B1F-85FC-F7506081517A",2023,"IA",TRUE,TRUE
"634","Information","51","00392c50-0bf6-11ec-9c8a-d72b813bc8ca",2020,"CA",TRUE,TRUE
"635","Educational","61","FA6472D2-5D9B-4D55-9442-2FD984F0B3F8",2023,"VA",TRUE,TRUE
"636","Educational","61","BED794BD-732F-4EF2-B501-9F63676CC463",2023,"IL",TRUE,TRUE
"637","Educational","61","5CAC27DE-987C-4B10-B290-08A3CAAA9407",2023,"NY",TRUE,TRUE
"638","Professional","54","9ad8d9a0-92c8-11ec-a39a-3584eb2df2ab",2021,"TX",FALSE,FALSE
"639","Educational","61","E7784696-C5DD-4B40-9CCD-C2EF1DD9BB4E",2023,"NY",TRUE,TRUE
"640","Educational","61","21364251-78BA-4446-B6CC-AB2C9A7E16AB",2023,"TX",TRUE,TRUE
"641","Educational","61","996866BC-E1C8-4272-91E0-AA66328A2852",2023,"MA",TRUE,TRUE
"642","Manufacturing","33","e0f2dfa0-7e79-11ee-a021-bbe4713468e2",2023,"MA",TRUE,TRUE
"643","Educational","61","D2D69542-C015-44D8-B9E4-C7E2C66411E2",2023,"NE",TRUE,TRUE
"644","Finance","52","CC7BDFF3-9F07-4DBF-B08E-AB13B94231F3",2023,"VT",TRUE,TRUE
"645","Educational","61","5D2B38BC-8BA5-46D4-B278-2C2EB0A2219A",2023,"CA",TRUE,TRUE
"646","Educational","61","F263D26F-327A-42BC-929B-702EE437558F",2023,"AZ",TRUE,TRUE
"647","Educational","61","18D57328-BBB9-413E-9204-F6F3F52B014B",2023,"VA",TRUE,TRUE
"648","Educational","61","5742C6CA-BD8E-43F4-973A-9641F9FEF2EE",2023,"NY",TRUE,TRUE
"649","Finance","52","1C0A8F3A-0256-40B2-B9AD-CA2A4BCB657A",2023,"SC",TRUE,TRUE
"650","Real Estate","53","a194a770-de86-11eb-92f2-17e9027f1a94",2021,"NY",TRUE,TRUE
"651","Educational","61","0D969D1D-984D-480E-A772-1C7C81E37EB9",2023,"TN",TRUE,TRUE
"652","Educational","61","4279C614-738D-42DA-A6C7-E7FB1C6021F2",2023,"NJ",TRUE,TRUE
"653","Educational","61","6863E05B-E541-4204-82DA-EAE5C3DDE7BC",2023,"MO",TRUE,TRUE
"654","Healthcare","62","861AB95E-28EC-4E5B-8F44-7B68A037B990",2023,"TX",TRUE,TRUE
"655","Educational","61","42598BF0-9BB2-4ED6-AA01-837C5608BD3C",2023,"KY",TRUE,TRUE
"656","Educational","61","2589EFF0-700A-4F03-A72F-0DFE1AF1BEB0",2023,"WV",TRUE,TRUE
"657","Educational","61","38EB9294-A0D3-4937-8B2B-3A5515CA5BEC",2023,"CA",TRUE,TRUE
"658","Educational","61","507E0E3A-3450-4E3A-A8B3-258C235EC691",2023,"TX",TRUE,TRUE
"659","Finance","52","E0238E1C-1855-4FD3-A311-F4F8F2C91467",2023,"NH",TRUE,TRUE
"660","Public","92","70704a30-da78-11eb-bcc7-b7194a064c3e",2020,"GA",FALSE,FALSE
"661","Educational","61","1B0D4D6E-5626-41DE-A8D2-A5A868B6B774",2023,"CA",TRUE,TRUE
"662","Public","92","b83d13d0-44c5-11ed-a916-a1b9ec4e3e46",2022,"MI",FALSE,FALSE
"663","Educational","61","39140160-FDBF-47B0-8459-C1E207CA16CC",2023,"WI",TRUE,TRUE
"664","Educational","61","75C4AB6D-CC12-4A5E-A7EB-446460A90653",2023,"TX",TRUE,TRUE
"665","Educational","61","76FE5E28-5F6C-419A-9C80-6C1F7C660A4B",2023,"TN",TRUE,TRUE
"666","Educational","61","5646710B-3654-47FC-A913-BA5A0A45AD00",2023,"CT",TRUE,TRUE
"667","Educational","61","F9CFC043-03C4-44DA-8C5E-25560F987F3C",2023,"AZ",TRUE,TRUE
"668","Educational","61","4758E4E2-DD40-40BD-AB98-BD05FAE8D27B",2023,"KS",TRUE,TRUE
"669","Public","92","386bbb50-a4e2-11ea-a769-1f53f53c0c37",2020,"MI",FALSE,FALSE
"670","Educational","61","A8684F76-C96C-4143-AC6E-7492FBD928D9",2023,"NC",TRUE,TRUE
"671","Educational","61","59D19004-B213-47DB-98F3-E611FD498B06",2023,"NY",TRUE,TRUE
"672","Finance","52","69E8B052-43BB-45D4-9F3F-D4FB2DC156F1",2023,"OH",TRUE,TRUE
"673","Educational","61","E6D82689-3077-412C-B9DB-4E6B1E69C183",2023,"KY",TRUE,TRUE
"674","Other Services","81","5733A310-622B-4E66-9359-D1F20B328836",2023,"CA",TRUE,TRUE
"675","Educational","61","BE8138FE-1743-4008-B337-F8CC0FD6CAE2",2023,"CA",TRUE,TRUE
"676","Educational","61","E1562340-CCF1-4CA8-A466-0F607348D745",2023,"NC",TRUE,TRUE
"677","Finance","52","2C8B940D-D5D5-4F3E-AE8B-88E587DB5E75",2023,"NY",TRUE,TRUE
"678","Information","51","9bb8e910-8e99-11ec-a600-657ec2694f8f",2021,"CA",TRUE,TRUE
"679","Educational","61","BD457832-DC22-460D-96C9-918069B479DE",2023,"MO",TRUE,TRUE
"680","Professional","54","07bc6df0-8e75-11ec-8536-fdd879d89dfb",2020,"NY",FALSE,FALSE
"681","Educational","61","5f5a7500-87b8-11ee-b955-bdb463ad03be",2022,"NJ",TRUE,TRUE
"682","Educational","61","37274A81-F7F2-4AF7-B7F9-5B71DFFD0771",2023,"VA",TRUE,TRUE
"683","Educational","61","4A6C63FC-D6DB-4CE0-B995-D78F270FC66B",2023,"CA",TRUE,TRUE
"684","Educational","61","41532932-C6C7-4E24-8A28-B8D554A90F0E",2023,"LA",TRUE,TRUE
"685","Information","51","a47d9af0-d9c2-11eb-8feb-0b45b7dcf47e",2020,"FL",FALSE,FALSE
"686","Educational","61","593E5B6E-6C21-4C9F-8D3F-684A616FDCE3",2023,"NY",TRUE,TRUE
"687","Finance","52","6F97C96A-8BF8-4315-8FB3-F0F3934AAFD4",2023,"CT",TRUE,TRUE
"688","Educational","61","7E310D7A-3DF6-4E78-A5B5-9A29F5CFC98F",2023,"WI",TRUE,TRUE
"689","Healthcare","62","9d14cad0-0d25-11ed-9141-192d7c736152",2021,"TX",TRUE,TRUE
"690","Educational","61","20CE5AF4-7661-4B56-A3DC-7ECC2648BC21",2023,"NY",TRUE,TRUE
"691","Public","92","7DA61BD9-0106-48EA-962B-223D03DC1095",2023,"RI",TRUE,TRUE
"692","Finance","52","6D45ECEC-E82E-4ADD-9CD8-A9EC7C66B514",2023,"CA",TRUE,TRUE
"693","Educational","61","30FD6441-9D54-4649-97C8-2DB6675D5D65",2023,"TX",TRUE,TRUE
"694","Information","51","9a3e1770-f6b7-11ea-b6fa-6deaa5aa80b0",2020,"NY",FALSE,FALSE
"695","Educational","61","F063AED5-1020-4DDF-ACED-800BBEE38153",2023,"TX",TRUE,TRUE
"696","Educational","61","A3D2B9EB-A7BF-49AD-92F1-0E6A287B1279",2023,"NJ",TRUE,TRUE
"697","Educational","61","86265EDA-BD8C-4833-85E3-FFE551C7E4BD",2023,"AZ",TRUE,TRUE
"698","Finance","52","b8f77a10-8e23-11ee-8e0f-01920077cf74",2022,"TX",TRUE,TRUE
"699","Educational","61","F0DAAA44-FB58-408A-8C96-C45E98310633",2023,"TX",TRUE,TRUE
"700","Public","92","aee052a0-1570-11ec-8375-f10617ad68c4",2021,NA,FALSE,FALSE
"701","Manufacturing","33","d2d4f030-7509-11ee-8da1-4f2f8c80e63f",2023,"MI",FALSE,FALSE
"702","Educational","61","AAD29FC5-F9F9-49E7-BF57-177280D09409",2023,"WA",TRUE,TRUE
"703","Educational","61","52234410-2F40-4C96-8111-27278C54E472",2023,"NY",TRUE,TRUE
"704","Educational","61","9FC4A56B-A81B-4CE3-8EEA-12DE5C43B644",2023,"MO",TRUE,TRUE
"705","Educational","61","0EA44A37-6FCC-4975-9B19-5AEB795988AD",2023,"ME",TRUE,TRUE
"706","Educational","61","4596E1E0-098C-485A-9251-689168C0F11D",2023,"AL",TRUE,TRUE
"707","Educational","61","E81DED3F-EF55-441D-A8F5-CDB46ECC2A2F",2023,"TX",TRUE,TRUE
"708","Educational","61","93200AD9-E181-4181-99DE-6F88C539CE77",2023,"NJ",TRUE,TRUE
"709","Educational","61","1239793A-F243-41AC-ACE1-C864FBBD4193",2023,"CT",TRUE,TRUE
"710","Educational","61","6706052C-4082-4DA3-B789-2259D3C07D52",2023,"NJ",TRUE,TRUE
"711","Educational","61","5F39380B-DDB6-4B2A-86BA-46AA5DE2320B",2023,"WI",TRUE,TRUE
"712","Educational","61","AC5887AB-AF92-479F-883B-0FCBDFDCBE87",2023,"MI",TRUE,TRUE
"713","Educational","61","253FCD40-8471-4BFB-8A2E-48790F027D61",2023,"IL",TRUE,TRUE
"714","Educational","61","20007890-2324-11ed-82cc-77050d837997",2021,"TX",FALSE,FALSE
"715","Educational","61","1AAD6D1B-78C7-419A-8C80-6F96064FE031",2023,"IL",TRUE,TRUE
"716","Public","92","244496f0-4893-11ec-be64-495e033b0bce",2021,"WY",FALSE,FALSE
"717","Educational","61","E49ECAAB-5AFA-4606-9191-76DFC279B481",2023,"NC",TRUE,TRUE
"718","Educational","61","FB151210-D248-4B4A-A304-EE79C8A3F267",2023,"OR",TRUE,TRUE
"719","Educational","61","9E2BE1D1-FCD2-4444-8440-887EDCFFE90F",2023,"WA",TRUE,TRUE
"720","Educational","61","4f416960-3b1d-11ec-ba5b-a1f2db3b8242",2021,"MS",FALSE,FALSE
"721","Professional","54","caea2e30-f203-11ea-9eb3-fb45745214a6",2020,"TX",FALSE,FALSE
"722","Educational","61","A7CF2262-71A5-4D35-BC14-5FAE4962FDE7",2023,"CA",TRUE,TRUE
"723","Educational","61","B41BAAC6-A66E-405E-A6D9-76D4FDF0A615",2023,"FL",TRUE,TRUE
"724","Information","51","14505846-6C21-4927-8DEC-7AFF88DD94BC",2023,"KS",TRUE,TRUE
"725","Finance","52","8B5C7DC0-A21B-440C-B033-B6D6404375A0",2023,"MA",TRUE,TRUE
"726","Educational","61","E633CC5C-ABF1-48DB-89DC-08977E237ACC",2023,"FL",TRUE,TRUE
"727","Finance","52","609F3ED9-60A2-422D-B5CA-A53550ED44FF",2023,"CA",TRUE,TRUE
"728","Educational","61","DF81D3AC-5C9E-4C71-87C5-02C32CD73348",2023,"IA",TRUE,TRUE
"729","Educational","61","1566BE3C-176E-425D-B60F-D20C924AB3D4",2023,"NM",TRUE,TRUE
"730","Educational","61","D4DAFAB0-E9DE-42C1-B8C3-CDBE188D3C98",2023,"OK",TRUE,TRUE
"731","Educational","61","0DB38B08-9AC0-4A2F-B5ED-4D1FB6573F8C",2023,"OK",TRUE,TRUE
"732","Educational","61","F8819BB1-7473-426B-A56F-C47F567BE4AC",2023,"GA",TRUE,TRUE
"733","Educational","61","287CB824-8E4C-4490-85A0-81987D959543",2023,"ME",TRUE,TRUE
"734","Real Estate","53","af3cfec0-3c16-11ec-963f-f964320be408",2021,"OH",TRUE,TRUE
"735","Educational","61","09B7D432-1828-4125-8588-B0AA39A5DEC5",2023,"AZ",TRUE,TRUE
"736","Finance","52","34D2A0A8-8808-4A46-8406-187034557654",2023,"TX",TRUE,TRUE
"737","Healthcare","62","d1db1740-04aa-11eb-8c43-8ded27596b66",2020,"OH",FALSE,FALSE
"738","Educational","61","9FDF35FD-187B-4534-88C2-BA93C91B16B4",2023,"AK",TRUE,TRUE
"739","Educational","61","786BD351-794A-47B8-BA8B-863ECF3143FF",2023,"GA",TRUE,TRUE
"740","Educational","61","40483D65-F889-407A-852D-E3E277F13E6D",2023,"IL",TRUE,TRUE
"741","Healthcare","62","7a92b3d0-1642-11ec-8258-83f74c3914c9",2020,"TN",TRUE,TRUE
"742","Healthcare","62","713e5010-a3e9-11ed-8c67-f3bb261b8cc7",2022,NA,FALSE,FALSE
"743","Educational","61","6A77B292-63C4-4F8F-868C-B964471165DC",2023,"LA",TRUE,TRUE
"744","Educational","61","76fcee40-35d0-11ec-9ec7-15e66f657ea5",2020,"M)",FALSE,FALSE
"745","Professional","54","b5a117b0-d9ba-11eb-8feb-0b45b7dcf47e",2021,"CT",FALSE,FALSE
"746","Healthcare","62","a50d8060-01a1-11eb-b177-5f49668a9776",2020,"FL",FALSE,FALSE
"747","Finance","52","d2d4f030-7509-11ee-8da1-4f2f8c80e63f",2022,"NY",FALSE,FALSE
"748","Educational","61","F5368EEC-3911-4CA0-AB9E-C145D353E525",2023,"AZ",TRUE,TRUE
"749","Educational","61","1315CCF4-03D1-4E53-9C35-9BA0D272A68B",2023,"NY",TRUE,TRUE
"750","Information","51","edb8ae70-1ae1-11ec-8477-47d0f236e203",2020,"TX",TRUE,TRUE
"751","Educational","61","5AEB2DAE-AFB2-436F-BE65-AB3CAF8B5C1F",2023,"MD",TRUE,TRUE
"752","Retail","45","3bb81fe0-39c0-11ed-a8d9-e567d58abfd4",2021,NA,TRUE,TRUE
"753","Educational","61","F59E998F-128E-47D7-B965-C4C28CFE31D7",2023,"OH",TRUE,TRUE
"754","Educational","61","748A7EBE-61B8-4889-853B-EB59DD6441BA",2023,"CO",TRUE,TRUE
"755","Educational","61","D1E417E5-ACBC-4B90-A7D6-65A880CB77FD",2023,"NC",TRUE,TRUE
"756","Educational","61","85FE9225-A696-40BC-A776-8F708AC48FF4",2023,"MI",TRUE,TRUE
"757","Healthcare","62","ded9a9b0-06d9-11ed-b8df-1de13bb43386",2022,"CA",FALSE,FALSE
"758","Educational","61","961CF561-CC27-45BA-865F-7DF389638994",2023,"OK",TRUE,TRUE
"759","Educational","61","086B3DAC-7290-4CD7-98AE-AF424D497DF3",2023,"IL",TRUE,TRUE
"760","Educational","61","77D8DC94-286A-4B9A-94AA-CA6D9B05D9A1",2023,"UT",TRUE,TRUE
"761","Public","92","b98344e0-02d9-11ed-8b5b-6134b3849169",2021,NA,TRUE,TRUE
"762","Finance","52","b77a2a20-1c79-11ec-bbb1-d17b99816d46",2020,"NY",TRUE,TRUE
"763","Healthcare","62","f20988a0-d42d-11eb-a192-c5509024cd4a",2021,"FL",TRUE,TRUE
"764","Educational","61","E882566D-A39D-47D2-A754-863A8B747F7B",2023,"NY",TRUE,TRUE
"765","Information","51","e6aa06a0-72bd-11eb-a674-05cfd55ad89e",2020,"NY",FALSE,FALSE
"766","Manufacturing","32","30D8B123-11E1-47BF-9964-804A3053618A",2023,"GA",TRUE,TRUE
"767","Educational","61","28F87C77-97AB-4B33-9F20-D2F9BEDDA7AD",2023,"CT",TRUE,TRUE
"768","Educational","61","4584B70C-8E78-45BC-8B44-703A646CF6E2",2023,"AL",TRUE,TRUE
"769","Utilities","22","DF303E06-D74E-43C9-B7EE-038C0A0119EB",2023,"MA",TRUE,TRUE
"770","Healthcare","62","204a4440-250e-11eb-af35-ed9bb3f10d5f",2020,"CO",FALSE,FALSE
"771","Educational","61","425A9276-F1E1-4C3A-830F-57FE52A92084",2023,"FL",TRUE,TRUE
"772","Information","51","447644c0-74bb-11eb-a956-8766d2dd0181",2020,"PA",TRUE,TRUE
"773","Educational","61","8ADDBC36-1199-49BA-9B87-C4281DA6FB8F",2023,"NC",TRUE,TRUE
"774","Educational","61","9174A6E7-ED28-44CF-A5E2-4836F10C2A77",2023,"IA",TRUE,TRUE
"775","Educational","61","56C4A39A-46FF-4921-8130-2D418151C715",2023,"AK",TRUE,TRUE
"776","Educational","61","D1E5804E-C5EB-4FD3-9F70-CB6B6E2D476F",2023,"MA",TRUE,TRUE
"777","Educational","61","B97D9A55-BB86-464E-98FC-32EA61C9F8C3",2023,"UT",TRUE,TRUE
"778","Administrative","56","5f185780-d831-11eb-a5a2-812629c6bc41",2020,NA,FALSE,FALSE
"779","Educational","61","E4E91E48-0EF3-466F-8110-3B1C8A3F97C6",2023,"MA",TRUE,TRUE
"780","Educational","61","E65A025C-4C8F-476A-970D-45EF4E38C690",2023,"VT",TRUE,TRUE
"781","Professional","54","8af89b60-4278-11ec-b979-154550188709",2021,"CA",FALSE,FALSE
"782","Educational","61","8513AD3D-7CCA-4876-8047-612ADCEA45C3",2023,"NY",TRUE,TRUE
"783","Educational","61","28E3F70B-EAC6-46F3-8F9D-3B63F6B0514C",2023,"KY",TRUE,TRUE
"784","Educational","61","F29F459B-040F-4F55-81FE-A01A11D6D620",2023,"NY",TRUE,TRUE
"785","Educational","61","5B652D9F-DB70-4044-BDA6-0773401E8A9C",2023,"WA",TRUE,TRUE
"786","Finance","52","709BFBBB-31E3-4FDD-BF14-995081FCC489",2023,"TX",TRUE,TRUE
"787","Educational","61","1860C29B-FD5B-4C0E-8A76-2EBE79D84B86",2023,"CT",TRUE,TRUE
"788","Public","92","d6a8b490-2091-11ec-82c4-4d3486f21395",2020,"KY",TRUE,TRUE
"789","Educational","61","8C89EB46-C952-4F1E-BDDF-C55B62039D30",2023,"CT",TRUE,TRUE
"790","Educational","61","F2D02ECE-A320-40B1-A738-789539FBF270",2023,"FL",TRUE,TRUE
"791","Educational","61","BC2F492E-7357-495A-B4F3-9A050E5E6805",2023,"MS",TRUE,TRUE
"792","Educational","61","DD950A85-E52D-44A1-9B38-B47729919BBC",2023,"LA",TRUE,TRUE
"793","Information","51","8c3de2d0-e645-11eb-b667-c585fe0ca11b",2020,NA,FALSE,FALSE
"794","Information","51","713e5010-a3e9-11ed-8c67-f3bb261b8cc7",2022,"NC",FALSE,FALSE
"795","Professional","54","aa9d2fd0-1d1c-11eb-866e-51f25f42af12",2020,"IL",FALSE,FALSE
"796","Professional","54","edbe9c20-7a6d-11ee-b391-931271d090d0",2023,"NY",TRUE,TRUE
"797","Educational","61","86A6E0B4-9201-4428-A8F0-E75FAC1AAB1D",2023,"AR",TRUE,TRUE
"798","Retail","44","d2d4f030-7509-11ee-8da1-4f2f8c80e63f",2022,"GA",FALSE,FALSE
"799","Educational","61","6C57AE07-3863-4C4B-AAEF-5A2D0C8BAD77",2023,"TX",TRUE,TRUE
"800","Educational","61","50AFCD31-9971-45A6-95FD-2BF4ACB07208",2023,"VA",TRUE,TRUE
"801","Educational","61","B7ABE2AF-AEB9-433D-BB19-B2211B778449",2023,"DC",TRUE,TRUE
"802","Educational","61","37DF9B58-B1F1-4465-8A16-36F0A20EB420",2023,"MO",TRUE,TRUE
"803","Healthcare","62","F2114A85-6694-4FBB-8313-43D84DBB7AC7",2023,"CA",TRUE,TRUE
"804","Educational","61","42251066-B7A2-40E1-BD57-2A64F3507C1F",2023,"MI",TRUE,TRUE
"805","Educational","61","FE5AEE7F-BF83-4DEA-B16B-7321634BA651",2023,"PA",TRUE,TRUE
"806","Unknown","93","6c92d460-019c-11eb-b177-5f49668a9776",2020,"WA",FALSE,FALSE
"807","Educational","61","770b3e20-f91f-11eb-98bb-95028a4c8b05",2021,"AR",FALSE,FALSE
"808","Professional","54","23DEE9D8-E09B-4344-ABE9-5C81EBEDC8B3",2023,"IL",TRUE,TRUE
"809","Information","51","a81eabb0-7752-11ee-9d43-2d79ebdeb354",2023,"WA",TRUE,TRUE
"810","Educational","61","62D5BF28-50D8-4FBF-A181-03C14B78B93C",2023,"NY",TRUE,TRUE
"811","Educational","61","54DCF96F-2ADD-43BB-B098-D4E328C1E779",2023,"IN",TRUE,TRUE
"812","Healthcare","62","ebb53ce0-f6bc-11eb-9352-c36534d585e1",2020,"IL",FALSE,FALSE
"813","Educational","61","5F9B8CFE-AD39-454C-8ABB-DB93C26E9CFB",2023,"NY",TRUE,TRUE
"814","Healthcare","62","9b712d90-8ddc-11ec-bb25-234a6ad089e5",2021,"PA",TRUE,TRUE
"815","Educational","61","90CD46EA-283C-402B-9130-E7F4CCA2E39F",2023,"MO",TRUE,TRUE
"816","Educational","61","DF1DA041-8D6E-465E-8DBA-6238C4FB9EDB",2023,"NJ",TRUE,TRUE
"817","Finance","52","2e1e0be0-f6c6-11ea-b7b2-2361ceadc5c7",2020,"ME",FALSE,FALSE
"818","Educational","61","D48AFF40-297F-4B9C-B9C8-831751ABAB47",2023,"NC",TRUE,TRUE
"819","Educational","61","CE8618C4-C5C1-40CC-A7DB-F1A030E8612C",2023,"KS",TRUE,TRUE
"820","Educational","61","D41106AC-4AAA-44C1-AB9D-6DF9219B3D39",2023,"NJ",TRUE,TRUE
"821","Educational","61","ED94165B-47AC-4781-8E4F-940109DABB1C",2023,"MD",TRUE,TRUE
"822","Educational","61","1B524A9E-5E58-4691-A490-4D0C93BA769C",2023,"PA",TRUE,TRUE
"823","Information","51","3bfddee0-abe4-11ed-b4d6-0500e8fbd88a",2022,NA,TRUE,TRUE
"824","Finance","52","DA400031-484B-4F78-B7FC-DEB55800EC8E",2023,"WI",TRUE,TRUE
"825","Public","92","d5e03f70-53b6-11ed-9bc2-d5a5778fd37b",2022,"KY",FALSE,FALSE
"826","Educational","61","9718296B-0BE7-48A5-90BD-B09C2214E961",2023,"NY",TRUE,TRUE
"827","Educational","61","528CBE63-B904-4791-A410-D73EBB0B007B",2023,"NJ",TRUE,TRUE
"828","Accomodation","72","63b1ed20-7f45-11ee-a021-bbe4713468e2",2023,"ME",TRUE,TRUE
"829","Educational","61","8904C92F-BEDD-4069-966F-F74472BFB696",2023,"RI",TRUE,TRUE
"830","Educational","61","76372E84-7796-4284-A88A-1E9278515DC4",2023,"FL",TRUE,TRUE
"831","Educational","61","6ED8458B-91EF-490C-B73E-1A5E3FCBBA7C",2023,"PA",TRUE,TRUE
"832","Educational","61","90D3B99D-C53F-4FF3-9AE8-8B8B980C545D",2023,"OK",TRUE,TRUE
"833","Finance","52","3AB0CDC4-1683-415C-AEBA-27893CAC45F2",2023,"MA",TRUE,TRUE
"834","Educational","61","ED01ED41-2343-4057-92C9-6C9B9172EBE9",2023,"TN",TRUE,TRUE
"835","Educational","61","40284368-4C95-4879-A96B-3D24DBD7387D",2023,"MA",TRUE,TRUE
"836","Educational","61","445BDA29-6FA8-443B-AC8D-827B1FB4693C",2023,"AL",TRUE,TRUE
"837","Retail","44","d7837d70-3b73-11ed-a11a-bb811330b875",2022,"US-OH",TRUE,TRUE
"838","Public","92","28513b80-a0f7-11ea-878c-ff8a51fa1e8f",2020,"IL",FALSE,FALSE
"839","Educational","61","273D59E5-5C98-40F0-9398-D3B577B5EF43",2023,"NV",TRUE,TRUE
"840","Professional","54","c41cc610-0f4a-11ed-935e-2fa00f6a742d",2020,NA,TRUE,TRUE
"841","Healthcare","62","9641f940-a1b5-11ea-aa67-0b6b068266ad",2020,"WA",TRUE,TRUE
"842","Educational","61","36269624-E29A-4E32-9CE7-6CA2D557C049",2023,"MI",TRUE,TRUE
"843","Information","51","9e6d7ba0-72be-11eb-a674-05cfd55ad89e",2020,NA,FALSE,FALSE
"844","Finance","52","9E2A87F4-DFE6-4EC0-B22A-F330E74BF595",2023,"DE",TRUE,TRUE
"845","Educational","61","dea65e00-e7c5-11ea-8ff0-e3594c873b30",2020,"NY",FALSE,FALSE
"846","Educational","61","9DCD1CC6-9D45-4556-96E5-B257C942ED6B",2023,"LA",TRUE,TRUE
"847","Manufacturing","32","C056E3DD-7CA0-4F5A-86EB-B55F6E6A6486",2023,"CA",TRUE,TRUE
"848","Educational","61","037CF769-051F-4A8F-95B9-27B974434A2E",2023,"WI",TRUE,TRUE
"849","Educational","61","EEDF9EF2-5136-4B77-94A0-20D8F85F3A00",2023,"FL",TRUE,TRUE
"850","Finance","52","BC52C693-B08F-4E33-B6C3-D66B510E6130",2023,"OH",TRUE,TRUE
"851","Information","51","d7168500-0a54-11eb-a175-e162319ad19d",2020,"LA",FALSE,FALSE
"852","Finance","52","edbe9c20-7a6d-11ee-b391-931271d090d0",2023,"PA",TRUE,TRUE
"853","Educational","61","465B64E0-2123-4EDB-93BA-D38385F068CC",2023,"NY",TRUE,TRUE
"854","Educational","61","A65F7A08-478E-49F2-A957-C5B12932D50B",2023,"NY",TRUE,TRUE
"855","Educational","61","E6B3D6E0-8FDF-4349-ACA7-751EFA9F504E",2023,"SC",TRUE,TRUE
"856","Educational","61","A4022FC4-D0FD-4ED4-A7AC-3F87117B9E21",2023,"IL",TRUE,TRUE
"857","Healthcare","62","0ad40b90-7e7b-11ee-afcd-0587b0cf6415",2023,"OR",TRUE,TRUE
"858","Public","92","28197d50-d9b1-11eb-bcc7-b7194a064c3e",2021,"VT",FALSE,FALSE
"859","Finance","52","FB079E5C-BC35-44B5-9A62-B85C96252BAE",2023,"WA",TRUE,TRUE
"860","Professional","54","ca333a70-1720-11ec-8047-3b8ad7d3e0d0",2021,"CA",FALSE,FALSE
"861","Administrative","56","3e8ce780-7a53-11ee-9204-4fdb0b8318b5",2023,"PA",FALSE,FALSE
"862","Finance","52","72d0e420-3a84-11ed-a8d9-e567d58abfd4",2021,"TX",TRUE,TRUE
"863","Educational","61","1DEA97EB-9396-4931-8CEE-F099035FED7F",2023,"OH",TRUE,TRUE
"864","Finance","52","ddeda6e0-7fe2-11ee-a4c1-3bbfd6b8c865",2023,"NE",FALSE,FALSE
"865","Information","51","315a6cb0-74be-11eb-a956-8766d2dd0181",2020,"CA",FALSE,FALSE
"866","Educational","61","DABCAB1C-DCC6-4768-8DAD-567A8993C1DC",2023,"CA",TRUE,TRUE
"867","Educational","61","4633DCD6-B1F7-4C43-9E36-0772AD40B5C5",2023,"CA",TRUE,TRUE
"868","Educational","61","34E718E1-0013-483C-B2B7-EFA3CF27AF70",2023,"MD",TRUE,TRUE
"869","Public","92","edbe9c20-7a6d-11ee-b391-931271d090d0",2023,"FL",TRUE,TRUE
"870","Healthcare","62","426e9b00-3da0-11ed-a11a-bb811330b875",2021,"US-NJ",TRUE,TRUE
"871","Healthcare","62","7d05f300-04ac-11eb-8c43-8ded27596b66",2020,"CO",TRUE,TRUE
"872","Educational","61","6678E3F5-4BEC-48DF-B0F6-B3724FF3AC0C",2023,"TX",TRUE,TRUE
"873","Educational","61","F9F65E2C-FBB7-417D-9293-F12C18B637E0",2023,"LA",TRUE,TRUE
"874","Educational","61","1CD85C9B-5F86-47BB-81D5-02AF08D6BA3C",2023,"AL",TRUE,TRUE
"875","Professional","54","cc26e7e0-099d-11ec-863c-8359987c65e0",2021,"MO",FALSE,FALSE
"876","Healthcare","62","96bbb480-e4a6-11eb-8ef6-fbb8d39928b9",2021,"TX",FALSE,FALSE
"877","Information","51","cd8d7dc0-74a5-11eb-a956-8766d2dd0181",2020,"CA",TRUE,TRUE
"878","Educational","61","21AC4DFC-4DEB-4365-B0AC-D3D496EA25FF",2023,"CA",TRUE,TRUE
"879","Educational","61","CB10FE1B-FECD-44ED-A0BB-98C3A5E958A3",2023,"CA",TRUE,TRUE
"880","Educational","61","046473E6-227A-44F8-AFD1-79F49BC9DB29",2023,"MD",TRUE,TRUE
"881","Educational","61","29A97A50-B822-42E4-A60A-C01DEA70861E",2023,"NY",TRUE,TRUE
"882","Educational","61","90E5C1D5-5862-4B7F-8A98-E2508746BDE7",2023,"CA",TRUE,TRUE
"883","Educational","61","154D4191-3129-4C41-9E2B-F38C72135369",2023,"NC",TRUE,TRUE
"884","Finance","52","cda8e120-3531-11ed-979a-ede67af894b9",2021,"US-CA",TRUE,TRUE
"885","Professional","54","66585F2B-2D79-432C-922A-E03FF22AC0E9",2023,"AZ",TRUE,TRUE
"886","Professional","54","dbc27cd0-83f0-11ee-94c6-6fecd7388f85",2022,"WV",FALSE,FALSE
"887","Educational","61","96715516-6B27-4DE3-935E-24817A09A75A",2023,"NE",TRUE,TRUE
"888","Information","51","fb411460-92cd-11ec-a39a-3584eb2df2ab",2021,"CA",TRUE,TRUE
"889","Educational","61","12ACC249-6A34-4DC1-AFEA-1BEBE2E9B778",2023,"TN",TRUE,TRUE
"890","Retail","44","8a885840-1a5f-11ed-ac8d-a1874ec50e39",2022,"TX",FALSE,FALSE
"891","Finance","52","542F951C-2D32-43B2-B812-60E67DF57062",2023,"CT",TRUE,TRUE
"892","Professional","54","7f8c1a60-c9f9-11eb-8af5-ed6b4a3c0fb5",2020,"NY",TRUE,TRUE
"893","Information","51","98cb1610-01a5-11eb-b177-5f49668a9776",2020,NA,FALSE,FALSE
"894","Public","92","3668e080-25c5-11eb-a3b1-07c4769263ea",2020,"PA",FALSE,FALSE
"895","Educational","61","6CAD8DF8-29AD-49CC-B904-7C958F52B944",2023,"MO",TRUE,TRUE
"896","Educational","61","798735FB-6388-49E5-B625-CEDECBFFBE66",2023,"TN",TRUE,TRUE
"897","Educational","61","2AF2E403-80B7-4329-BE7B-5D0A33510DBB",2023,"ND",TRUE,TRUE
"898","Educational","61","FCE51DA8-1230-4D3F-874D-31A0E67C5917",2023,"TX",TRUE,TRUE
"899","Retail","44","edbe9c20-7a6d-11ee-b391-931271d090d0",2021,"GA",TRUE,TRUE
"900","Healthcare","62","90052650-77fa-11ee-a9cf-35532141bb65",2022,"VA",FALSE,FALSE
"901","Educational","61","9446add0-8e84-11ec-a600-657ec2694f8f",2020,NA,FALSE,FALSE
"902","Finance","52","2534FFC3-4383-4644-86B5-2863617B50B4",2023,"CO",TRUE,TRUE
"903","Educational","61","BBAAC085-E50D-4F54-921E-B8DCFCE92D37",2023,"NC",TRUE,TRUE
"904","Educational","61","9B2297F8-E672-479F-8769-567C54E7D3EE",2023,"SC",TRUE,TRUE
"905","Educational","61","C0EDB31B-A951-4317-B59A-08D8FFC82BDA",2023,"OR",TRUE,TRUE
"906","Educational","61","4A1BEB16-93A4-47C0-9E37-4B6363109185",2023,"CA",TRUE,TRUE
"907","Educational","61","2B0A88B3-4FEE-4E8E-AC10-77F31DB7AC13",2023,"NV",TRUE,TRUE
"908","Information","51","713e5010-a3e9-11ed-8c67-f3bb261b8cc7",2022,NA,TRUE,TRUE
"909","Educational","61","41001836-3203-4D26-A135-EE12BF4197E0",2023,"RI",TRUE,TRUE
"910","Healthcare","62","1b736440-e7b7-11ea-8ff0-e3594c873b30",2020,"TX",TRUE,TRUE
"911","Professional","54","B93B7C0A-E9D1-494B-9B84-2BEAFAFCE61E",2023,"CA",TRUE,TRUE
"912","Educational","61","16DCDADE-31D2-40C7-B26D-CB220747E25B",2023,"WA",TRUE,TRUE
"913","Public","92","7df5b310-7e7d-11ee-a021-bbe4713468e2",2023,"DC",TRUE,TRUE
"914","Professional","54","c51567c0-2881-11ed-bdae-91b81469f75a",2021,NA,TRUE,TRUE
"915","Educational","61","B13EB79B-BC51-4463-9B29-E7F22CA9682E",2023,"KS",TRUE,TRUE
"916","Educational","61","CB782177-F579-435B-A975-B9F3C9C4368D",2023,"ID",TRUE,TRUE
"917","Transportation","48","e5304eb0-4b3d-11ed-97e9-d97d698656bd",2022,"FL",FALSE,FALSE
"918","Public","92","cccdaf20-a10d-11ea-878c-ff8a51fa1e8f",2020,"DC",FALSE,FALSE
"919","Finance","52","C5B2EE5F-AF68-4311-96FE-0CCB66155C60",2023,"NE",TRUE,TRUE
"920","Educational","61","BE3110F3-3030-458F-A4C6-674B0E47E4BC",2023,"WA",TRUE,TRUE
"921","Finance","52","1F333106-0600-4887-A111-0EAA59DCD2AD",2023,"MI",TRUE,TRUE
"922","Educational","61","800136B3-61A1-4C8E-A5E9-7478524E8481",2023,"IA",TRUE,TRUE
"923","Finance","52","D4F3ABA6-5F68-4BF2-906F-D127A51756A4",2023,"KY",TRUE,TRUE
"924","Educational","61","FFF6A612-E288-4252-B281-3B23630E4B0F",2023,"FL",TRUE,TRUE
"925","Finance","52","A4C07DFB-8630-4C7D-85C3-EDF88A9815B5",2023,"DE",TRUE,TRUE
"926","Information","51","820a17b0-4645-11ec-b26b-73b5a62f8946",2020,"PA",FALSE,FALSE
"927","Professional","54","2c2e82c0-237a-11eb-b77f-316b5c5dd5eb",2020,"UT",TRUE,TRUE
"928","Educational","61","98D573DB-AD4B-4FE7-8551-716FB426D630",2023,"KY",TRUE,TRUE
"929","Educational","61","48cbfda0-351f-11ed-979a-ede67af894b9",2021,"US-FL",FALSE,FALSE
"930","Educational","61","DABB5E33-8945-4EEB-81A1-14B819A93ADB",2023,"MS",TRUE,TRUE
"931","Unknown","99","801faad0-1587-11ec-8375-f10617ad68c4",2021,"ME",FALSE,FALSE
"932","Professional","54","be03bc20-1e31-11ed-a957-9f20ba7b4dd5",2022,NA,FALSE,FALSE
"933","Healthcare","62","39d1a810-8e97-11ec-ab9f-33907697f3a6",2020,"FL",TRUE,TRUE
"934","Information","51","c498fc90-35a1-11ec-be76-613d00a742ca",2021,NA,TRUE,TRUE
"935","Educational","61","64F136A0-6EA4-436E-84A9-D76194C2D734",2023,"FL",TRUE,TRUE
"936","Educational","61","0AEC63A3-BE3A-42B5-BAFB-3085B78C00E7",2023,"WI",TRUE,TRUE
"937","Professional","54","63ccf200-83e1-11ee-898d-0f9c5bf59690",2023,"CA",TRUE,TRUE
"938","Educational","61","92F5D2FE-5A28-4D04-860E-311BBD2A5C86",2023,"TN",TRUE,TRUE
"939","Educational","61","542B5397-B26B-4C7A-807B-715CE881F09D",2023,"AZ",TRUE,TRUE
"940","Transportation","49","c74e8f00-2d9a-11eb-8132-47626699b560",2020,NA,FALSE,FALSE
"941","Finance","52","B09564B8-D79F-46DA-B7E0-498991821E2F",2023,"GA",TRUE,TRUE
"942","Information","51","309e9240-4fca-11ed-b425-911ebaacea9c",2022,"NY",TRUE,TRUE
"943","Manufacturing","33","d2d4f030-7509-11ee-8da1-4f2f8c80e63f",2022,"TX",FALSE,FALSE
"944","Finance","52","01586993-AD88-4722-ABB5-BCCFB871A30C",2023,"OH",TRUE,TRUE
"945","Educational","61","33CEE271-7514-4B5D-9B86-A53AABE0F6C6",2023,"IA",TRUE,TRUE
"946","Healthcare","62","8e0bbd20-2436-11eb-af35-ed9bb3f10d5f",2020,"PA",FALSE,FALSE
"947","Educational","61","D8E7DB35-0400-4DFE-A6EA-F88B8A9CCE50",2023,"NJ",TRUE,TRUE
"948","Healthcare","62","713e5010-a3e9-11ed-8c67-f3bb261b8cc7",2022,"TX",FALSE,FALSE
"949","Finance","52","542EE903-678A-4AB4-9C97-E497A705B618",2023,"DC",TRUE,TRUE
"950","Educational","61","EA8F4E5B-06FF-4345-9716-03E207398EB2",2023,"OH",TRUE,TRUE
"951","Trade","42","109b5700-78df-11ee-883f-1da00fe89b12",2022,"MA",FALSE,FALSE
"952","Educational","61","A90F0829-3A25-4F09-9923-A6AF0369E3AD",2023,"PA",TRUE,TRUE
"953","Educational","61","D0162C46-2F34-4713-B18F-0A1EDAECFEBA",2023,"OK",TRUE,TRUE
"954","Professional","54","c448c540-7247-11eb-b847-53c7fcddcc7a",2020,"NY",FALSE,FALSE
"955","Educational","61","F2E6E942-F950-4325-8002-58E4AD4600B5",2023,"NC",TRUE,TRUE
"956","Educational","61","F6B56BCD-8F5E-4C66-B538-166A6CFED764",2023,"NY",TRUE,TRUE
"957","Information","51","d4a9ba90-6c87-11eb-ae4f-03e1e00a9a54",2020,"WA",FALSE,FALSE
"958","Finance","52","FB2D9F62-1B6A-40AC-81DE-C8EB89B88D2F",2023,"NY",TRUE,TRUE
"959","Administrative","56","edbe9c20-7a6d-11ee-b391-931271d090d0",2022,"KS",TRUE,TRUE
"960","Professional","54","FC20DAED-698F-41B6-8A6A-56F2128BA8A4",2023,"MN",TRUE,TRUE
"961","Educational","61","D0A13D8A-64BE-42FE-B7C4-C86A6675D4A0",2023,"NC",TRUE,TRUE
"962","Educational","61","5e9054d0-1f98-11ec-aba2-27b717aed560",2020,"IL",TRUE,TRUE
"963","Educational","61","A796F103-B354-49F1-842C-3A5B47DE8ECD",2023,"NJ",TRUE,TRUE
"964","Finance","52","23FE3534-3F14-4056-812D-06772473B7E7",2023,"UT",TRUE,TRUE
"965","Finance","52","c6067b10-2388-11eb-b77f-316b5c5dd5eb",2020,NA,FALSE,FALSE
"966","Educational","61","2CBB438E-82BF-4E06-922D-FC9683C1E10F",2023,"NC",TRUE,TRUE
"967","Healthcare","62","8a605e40-4642-11ec-b26b-73b5a62f8946",2020,"MD",TRUE,TRUE
"968","Educational","61","D8C13200-4106-4E93-8D59-EB88AEF253A7",2023,"NC",TRUE,TRUE
"969","Public","92","aff2b840-8e6a-11ec-a600-657ec2694f8f",2020,"FL",FALSE,FALSE
"970","Educational","61","D3D319D0-EACC-409B-A8D5-E64D2D1342B3",2023,"FL",TRUE,TRUE
"971","Educational","61","BBF709BC-17CB-4B4A-BE28-E3E3A7F6A0D9",2023,"NC",TRUE,TRUE
"972","Educational","61","B64997B3-ABCB-4D9A-A6B8-91C6C3B8DE52",2023,"MO",TRUE,TRUE
"973","Educational","61","52D36B7E-97E8-4BF1-B7CB-767E065447D6",2023,"GA",TRUE,TRUE
"974","Educational","61","BC91A601-D073-4201-B644-2B8205379892",2023,"NY",TRUE,TRUE
"975","Public","92","32363f40-3022-11ec-a5c2-337d0141f916",2020,"NY",TRUE,TRUE
"976","Educational","61","DDBF990F-0B4E-4E60-80DC-4B883081EFE3",2023,"MN",TRUE,TRUE
"977","Unknown","38","c2a0e160-78d3-11ee-883f-1da00fe89b12",2022,"MS",TRUE,TRUE
"978","Retail","44","b6a090e0-05ad-11ec-a755-057d35a918cc",2020,"TX",TRUE,TRUE
"979","Finance","52","48509806-F7FE-41BA-806E-E0B3D88D5865",2023,"GA",TRUE,TRUE
"980","Educational","61","084B950E-ECE3-45C3-9779-40B2DABE6629",2023,"MA",TRUE,TRUE
"981","Educational","61","4DEE753A-6139-4F5C-9522-0F48451BDFD7",2023,"NY",TRUE,TRUE
"982","Educational","61","5CC52D07-C433-4771-A6EB-29965D6BDF5C",2023,"WA",TRUE,TRUE
"983","Educational","61","713290B6-7831-4F1E-9331-1669B52A8001",2023,"OH",TRUE,TRUE
"984","Educational","61","6D2EEF18-F19F-4A53-A029-3D195E03717E",2023,"NY",TRUE,TRUE
"985","Educational","61","EF29B9F9-21F7-4FD6-B876-A6E8B6D0FB4C",2023,"CT",TRUE,TRUE
"986","Educational","61","6ECE29AD-4C27-4916-8A69-6F6E33CB5603",2023,"AL",TRUE,TRUE
"987","Educational","61","71F878B2-EFA9-424B-97C9-F0424E89A7A7",2023,"NJ",TRUE,TRUE
"988","Educational","61","91DA92EA-067F-4038-AAB0-C28124153C18",2023,"IA",TRUE,TRUE
"989","Educational","61","D2BFCCA3-F6F2-4D10-B970-5DF104F35076",2023,"CA",TRUE,TRUE
"990","Educational","61","0B98B59C-8A90-424E-A65B-C1A8BA46601A",2023,"NY",TRUE,TRUE
"991","Healthcare","62","e5a18d70-2383-11eb-b77f-316b5c5dd5eb",2020,"IL",TRUE,TRUE
"992","Manufacturing","33","74AE0380-0FEB-48A4-AD1A-98E33383601E",2023,"MO",TRUE,TRUE
"993","Finance","52","236A8DEE-8A36-40DD-840D-E67AAAC82F2D",2023,"TX",TRUE,TRUE
"994","Educational","61","F5FF9C41-3DFB-42AB-8B7E-1C3CC619B0E8",2023,"VA",TRUE,TRUE
"995","Information","51","ec5c6ec0-25e2-11ec-8021-93be7268887c",2021,"WA",TRUE,TRUE
"996","Educational","61","49AF05E8-23C9-402C-8E0B-CF5A474AF801",2023,"SC",TRUE,TRUE
"997","Public","92","B58B2B4C-9F48-415B-AB5D-3466B89F3196",2023,"CA",TRUE,TRUE
"998","Educational","61","9A1819B0-A503-4D08-B7A5-E7D3D2FCC45A",2023,"ID",TRUE,TRUE
"999","Educational","61","9C4FE727-CFD0-4E42-B04D-2CDD11163111",2023,"MO",TRUE,TRUE
"1000","Healthcare","62","30dbfdd0-736c-11ee-8da1-4f2f8c80e63f",2023,"OR",FALSE,FALSE
"1001","Educational","61","3DA5F925-5E96-4817-9E4E-BFD1261E09FD",2023,"IA",TRUE,TRUE
"1002","Educational","61","8D3C4541-AFA7-4EA2-8632-BE0786341114",2023,"SD",TRUE,TRUE
"1003","Finance","52","AF5FF65E-1870-4EB0-A9BD-7B4CAD4B2951",2023,"MN",TRUE,TRUE
"1004","Educational","61","E2CCA15D-E873-4B04-A7C4-ED67D1181547",2023,"NC",TRUE,TRUE
"1005","Educational","61","ADD4F5F2-8812-4606-9748-5F9036BA7838",2023,"KY",TRUE,TRUE
"1006","Healthcare","62","388a7320-8e78-11ec-ab9f-33907697f3a6",2021,"IA",FALSE,FALSE
"1007","Educational","61","3B3A8D2E-0B3B-4637-966A-406307615CAA",2023,"CA",TRUE,TRUE
"1008","Educational","61","988B32A6-52C3-4586-A899-5CDA6D19EE22",2023,"ID",TRUE,TRUE
"1009","Educational","61","056DCF85-233B-46AD-A7F3-9FF186EDAF49",2023,"TX",TRUE,TRUE
"1010","Educational","61","A63FE393-2177-45A3-987F-0E1E452873C2",2023,"TN",TRUE,TRUE
"1011","Educational","61","A84A4045-AA9D-4412-9A96-D885231B027B",2023,"PA",TRUE,TRUE
"1012","Educational","61","DE58D78C-5193-4714-AF7E-8BAB4997FA8E",2023,"CA",TRUE,TRUE
"1013","Educational","61","D06202A5-2C3C-4456-9E92-EDC805A10A50",2023,"NC",TRUE,TRUE
"1014","Information","51","0c215b90-4689-11ed-9a6c-911ade1670b5",2021,NA,FALSE,FALSE
"1015","Information","51","21253090-45a1-11ed-9a6c-911ade1670b5",2021,"US-CA",FALSE,FALSE
"1016","Healthcare","62","57076FE8-2377-4514-9009-15294B962CE2",2023,"OK",TRUE,TRUE
"1017","Entertainment","71","a810e980-39c3-11ed-a8d9-e567d58abfd4",2022,"NY",TRUE,TRUE
"1018","Educational","61","E36F9CF2-C8D0-4DAC-9E5B-93EC32BA6930",2023,"MD",TRUE,TRUE
"1019","Educational","61","0592453E-86B2-4900-B62B-464A22F576DA",2023,"GA",TRUE,TRUE
"1020","Educational","61","34A3F241-D958-43DA-A9CD-AC0265D49BB6",2023,"IN",TRUE,TRUE
"1021","Educational","61","D3E039A2-869F-490E-BF46-C89FF66DC744",2023,"IL",TRUE,TRUE
"1022","Finance","52","48ACF5B3-BB74-4ED9-AFBD-7EDF0869609D",2023,"MN",TRUE,TRUE
"1023","Finance","52","3A7C3C15-13EC-46B9-8FB6-A4F2123CD0FD",2023,"SC",TRUE,TRUE
"1024","Educational","61","FE056EBB-F0BE-49D2-AED4-0DB3756D566D",2023,"NH",TRUE,TRUE
"1025","Healthcare","62","6dfbe670-48bc-11ed-8c60-33546f64e3dc",2021,"IL",TRUE,TRUE
"1026","Educational","61","1D6F766A-021D-429B-963A-CB05779BEBD8",2023,"NY",TRUE,TRUE
"1027","Educational","61","0CB8F2E8-0421-41C0-8386-778A701068C3",2023,"NY",TRUE,TRUE
"1028","Educational","61","41E8B3B5-E1FD-4C79-97C4-5CDCCBBA1E02",2023,"WV",TRUE,TRUE
"1029","Educational","61","C858860E-DF1F-418B-B645-577F6A6D7508",2023,"ID",TRUE,TRUE
"1030","Information","51","4f699080-327a-11ec-a962-0f8a4d8d5131",2021,NA,TRUE,TRUE
"1031","Healthcare","62","30dbfdd0-736c-11ee-8da1-4f2f8c80e63f",2023,"IN",FALSE,FALSE
"1032","Educational","61","2A24FB58-937A-487C-B397-A09E5136381F",2023,"NC",TRUE,TRUE
"1033","Educational","61","5FC533E3-FDCE-405A-B052-0815B7BA7084",2023,"TN",TRUE,TRUE
"1034","Educational","61","A2606540-C87F-41E3-88C0-78804F258516",2023,"KS",TRUE,TRUE
"1035","Administrative","56","74e91fe0-44c3-11ed-a916-a1b9ec4e3e46",2021,"IL",TRUE,TRUE
"1036","Accomodation","72","2ed03930-1adf-11ec-93a7-f3130d45721c",2021,"NV",TRUE,TRUE
"1037","Educational","61","783B151C-F641-40B3-AE24-6542870B17AB",2023,"NM",TRUE,TRUE
"1038","Educational","61","057EC14F-0EFB-44A7-8ABA-8941451A96F1",2023,"CA",TRUE,TRUE
"1039","Professional","54","a314b070-0746-11ec-863c-8359987c65e0",2020,"CO",TRUE,TRUE
"1040","Professional","54","9885d8c0-2094-11ec-82c4-4d3486f21395",2021,"ME",TRUE,TRUE
"1041","Healthcare","62","d15cc8d0-a99a-11ed-aa48-c57b469b256d",2022,"MA",TRUE,TRUE
"1042","Public","92","6483d550-0f5d-11ed-935e-2fa00f6a742d",2022,"CA",FALSE,FALSE
"1043","Healthcare","62","8ef8d6e0-0789-11ed-8fd4-9be359ef207c",2021,"WA",TRUE,TRUE
"1044","Healthcare","62","00659670-3b55-11ed-a11a-bb811330b875",2022,"US-OK",TRUE,TRUE
"1045","Healthcare","62","60103b30-f6c8-11ea-b7b2-2361ceadc5c7",2020,"MA",FALSE,FALSE
"1046","Healthcare","62","c643efb0-237c-11eb-b77f-316b5c5dd5eb",2020,"NY",FALSE,FALSE
"1047","Healthcare","62","2bde5280-e7c7-11ea-8ff0-e3594c873b30",2020,"MD",FALSE,FALSE
"1048","Professional","54","3f1580f0-72d0-11eb-a674-05cfd55ad89e",2020,"PA",FALSE,FALSE
"1049","Healthcare","62","ad1fdda0-8e74-11ec-a600-657ec2694f8f",2021,"NY",TRUE,TRUE
"1050","Information","51","ae25a5a0-7800-11ee-a9cf-35532141bb65",2022,"PA",TRUE,TRUE
"1051","Administrative","56","11ab76e0-a359-11ed-bbe0-ed1bdce32b2a",2021,"AZ",FALSE,FALSE
"1052","Transportation","48","ee72bac0-754d-11eb-a956-8766d2dd0181",2020,"TX",FALSE,FALSE
"1053","Professional","54","eb76efe0-4e3f-11ed-9185-8d15ab5b74e6",2022,"NY",TRUE,TRUE
"1054","Transportation","48","d29a46e0-0dd3-11ed-9141-192d7c736152",2020,NA,FALSE,FALSE
"1055","Healthcare","62","b0e7e080-0fe0-11ec-8c66-bd734728b5ba",2021,"WV",TRUE,TRUE
"1056","Public","92","ec67a0f0-4027-11ed-a8d9-e567d58abfd4",2020,"MI",FALSE,FALSE
"1057","Healthcare","62","fd6dfcd0-7f02-11ee-a021-bbe4713468e2",2023,"CA",TRUE,TRUE
"1058","Educational","61","deb2dca0-157a-11ec-8375-f10617ad68c4",2021,"DC",FALSE,FALSE
"1059","Healthcare","62","a78a9840-078b-11ed-8fd4-9be359ef207c",2022,"CA",TRUE,TRUE
"1060","Transportation","48","59af4850-0f60-11ed-935e-2fa00f6a742d",2022,"FL",FALSE,FALSE
"1061","Information","51","6aedb5f0-05d1-11ec-a755-057d35a918cc",2020,NA,TRUE,TRUE
"1062","Healthcare","62","0904e830-53a1-11ed-9bc2-d5a5778fd37b",2021,"SC",FALSE,FALSE
"1063","Construction","23","c0e45760-11bb-11ed-8840-3b46b22bfe48",2020,"OR",FALSE,FALSE
"1064","Healthcare","62","b9150560-de73-11eb-92f2-17e9027f1a94",2020,"DC",TRUE,TRUE
"1065","Professional","54","c4225740-0256-11eb-8781-bfb630cdf748",2020,"CA",TRUE,TRUE
"1066","Retail","45","2c694480-7dab-11ee-9cff-61aa3e4b3ab2",2021,"CA",TRUE,TRUE
"1067","Educational","61","54c44f00-72c4-11eb-a46e-831b23dc7360",2020,"NY",FALSE,FALSE
"1068","Healthcare","62","341eab10-2454-11eb-af35-ed9bb3f10d5f",2020,"CO",FALSE,FALSE
"1069","Retail","45","170304c0-7f02-11ee-a021-bbe4713468e2",2023,"IL",FALSE,FALSE
"1070","Healthcare","62","d6227850-f1fb-11ea-9eb3-fb45745214a6",2020,"CO",TRUE,TRUE
"1071","Retail","44","6a0bbc60-8e73-11ec-a600-657ec2694f8f",2021,"GA",FALSE,FALSE
"1072","Healthcare","62","7156d660-099b-11ec-863c-8359987c65e0",2020,"AZ",TRUE,TRUE
"1073","Healthcare","62","c0e45760-11bb-11ed-8840-3b46b22bfe48",2020,"AK",FALSE,FALSE
"1074","Manufacturing","32","bad2cd90-e4ab-11eb-8ef6-fbb8d39928b9",2020,"NC",FALSE,FALSE
"1075","Manufacturing","32","ae1b6a50-a1bb-11ea-aa67-0b6b068266ad",2020,NA,FALSE,FALSE
"1076","Healthcare","62","5a6b4830-7efd-11ee-a021-bbe4713468e2",2023,"TX",TRUE,TRUE
"1077","Educational","61","49b96ff0-e7c3-11ea-8ff0-e3594c873b30",2020,"CA",FALSE,FALSE
"1078","Public","92","27c22ff0-4fc6-11ed-b425-911ebaacea9c",2022,"MI",FALSE,FALSE
"1079","Healthcare","62","68bc0f10-3470-11ed-979a-ede67af894b9",2020,"US-TN",FALSE,FALSE
"1080","Manufacturing","33","7cc465e0-44c7-11ed-a916-a1b9ec4e3e46",2022,"TX",FALSE,FALSE
"1081","Healthcare","62","57920d90-5480-11ed-92c8-2df42efe4bf9",2022,"NJ",FALSE,FALSE
"1082","Trade","42","2c694480-7dab-11ee-9cff-61aa3e4b3ab2",2023,"FL",TRUE,TRUE
"1083","Other Services","81","6710a220-7f3d-11ee-a021-bbe4713468e2",2022,"PA",TRUE,TRUE
"1084","Healthcare","62","edbe9c20-7a6d-11ee-b391-931271d090d0",2023,"ID",TRUE,TRUE
"1085","Retail","44","406ec8d0-1d30-11eb-866e-51f25f42af12",2020,"NY",TRUE,TRUE
"1086","Public","92","c4763b80-a4ff-11ea-9a08-d99599f4dafe",2020,"IL",FALSE,FALSE
"1087","Retail","45","6f2f9bf0-e962-11eb-9aea-07892f56ef76",2020,NA,FALSE,FALSE
"1088","Information","51","8dfce680-724a-11eb-b847-53c7fcddcc7a",2020,"WA",FALSE,FALSE
"1089","Utilities","22","c9dae7e0-f45b-11eb-821b-d1ebb09f37f0",2021,"UT",TRUE,TRUE
"1090","Information","51","8a5dafe0-4897-11ec-be64-495e033b0bce",2020,"FL",FALSE,FALSE
"1091","Healthcare","62","4a94b130-84c0-11ee-898d-0f9c5bf59690",2023,"PA",TRUE,TRUE
"1092","Professional","54","dd0b63f0-f93b-11eb-86f9-41a68a9542ff",2020,"WI",FALSE,FALSE
"1093","Transportation","48","ccf9d660-d436-11eb-8806-c7cd39544f5b",2021,NA,TRUE,TRUE
"1094","Healthcare","62","92398b20-77fd-11ee-a9cf-35532141bb65",2022,"TN",TRUE,TRUE
"1095","Manufacturing","33","2ec925e0-14a0-11ec-8c2b-dbe37200ecd4",2020,"CA",TRUE,TRUE
"1096","Transportation","48","d29a46e0-0dd3-11ed-9141-192d7c736152",2020,NA,FALSE,FALSE
"1097","Public","92","5bd70f50-9f8d-11ee-8e63-1509e2d0c1ae",2023,"MN",TRUE,TRUE
"1098","Trade","42","d2d4f030-7509-11ee-8da1-4f2f8c80e63f",2023,"OR",FALSE,FALSE
"1099","Manufacturing","31","88b06a80-4896-11ec-be64-495e033b0bce",2021,"CA",TRUE,TRUE
"1100","Transportation","48","d29a46e0-0dd3-11ed-9141-192d7c736152",2020,NA,FALSE,FALSE
"1101","Healthcare","62","edbe9c20-7a6d-11ee-b391-931271d090d0",2023,"ID",TRUE,TRUE
"1102","Healthcare","62","d2d4f030-7509-11ee-8da1-4f2f8c80e63f",2023,"KS",FALSE,FALSE
"1103","Healthcare","62","c71bb4c0-3dda-11ed-8ffa-ebb9abb0c009",2021,"US-TX",FALSE,FALSE
"1104","Information","51","43ceb050-38f7-11ed-abeb-7bd6dfb554a8",2022,"MN",TRUE,TRUE
"1105","Public","92","11ab76e0-a359-11ed-bbe0-ed1bdce32b2a",2022,"TX",FALSE,FALSE
"1106","Healthcare","62","d2d4f030-7509-11ee-8da1-4f2f8c80e63f",2023,NA,FALSE,FALSE
"1107","Public","92","c0d35a90-4678-11ed-9a6c-911ade1670b5",2020,"US-LA",FALSE,FALSE
"1108","Retail","44","aefd31a0-238a-11eb-b77f-316b5c5dd5eb",2020,NA,FALSE,FALSE
"1109","Manufacturing","32","da684490-723d-11eb-b847-53c7fcddcc7a",2020,"NY",FALSE,FALSE
"1110","Information","51","9fc33e80-74a9-11eb-a956-8766d2dd0181",2020,NA,TRUE,TRUE
"1111","Educational","61","205de490-8e68-11ec-a600-657ec2694f8f",2021,"CA",TRUE,TRUE
"1112","Entertainment","71","2e3d2f80-723f-11eb-b847-53c7fcddcc7a",2020,"FL",FALSE,FALSE
"1113","Public","92","76d289c0-3bed-11ec-963f-f964320be408",2021,NA,FALSE,FALSE
"1114","Manufacturing","33","4d62af30-0259-11eb-8781-bfb630cdf748",2020,"MD",FALSE,FALSE
"1115","Healthcare","62","40e8c310-38cd-11ec-b42b-a7ad11fc87ee",2020,NA,TRUE,TRUE
"1116","Trade","42","30f611f0-8df9-11ee-8e0f-01920077cf74",2023,"CA",TRUE,TRUE
"1117","Finance","52","c3907cc0-4635-11ec-b26b-73b5a62f8946",2021,"CA",TRUE,TRUE
"1118","Professional","54","84aaf490-a354-11ed-bbe0-ed1bdce32b2a",2022,NA,FALSE,FALSE
"1119","Administrative","56","92464dd0-1575-11eb-b788-65a639ed21e8",2020,"US-NJ",FALSE,FALSE
"1120","Public","92","19785000-53b3-11ed-9bc2-d5a5778fd37b",2022,"IL",FALSE,FALSE
"1121","Healthcare","62","bc51d670-0d65-11eb-835c-77358de149b1",2020,"IN",FALSE,FALSE
"1122","Retail","44","45cdacb0-2451-11eb-af35-ed9bb3f10d5f",2020,"CA",TRUE,TRUE
"1123","Public","92","8a66aaf0-f13f-11eb-8c8a-5968a0b53910",2020,"AL",TRUE,TRUE
"1124","Public","92","30dbfdd0-736c-11ee-8da1-4f2f8c80e63f",2023,NA,TRUE,TRUE
"1125","Other Services","81","a64fc920-0744-11ec-863c-8359987c65e0",2020,"WI",TRUE,TRUE
"1126","Healthcare","62","5b6a64c0-7e65-11ee-afcd-0587b0cf6415",2023,"TX",FALSE,FALSE
"1127","Finance","52","ecdab910-8e27-11ee-8e0f-01920077cf74",2022,"DC",TRUE,TRUE
"1128","Professional","54","edbe9c20-7a6d-11ee-b391-931271d090d0",2022,"OH",TRUE,TRUE
"1129","Healthcare","62","f8336440-4894-11ec-be64-495e033b0bce",2021,"TX",TRUE,TRUE
"1130","Construction","23","2f623dd0-0a12-11ed-9141-192d7c736152",2020,"IN",TRUE,TRUE
"1131","Healthcare","62","09287ff0-2443-11eb-af35-ed9bb3f10d5f",2020,"OH",FALSE,FALSE
"1132","Public","92","9a202c40-d921-11eb-8217-91ad7b220efe",2020,"IL",FALSE,FALSE
"1133","Public","92","b6251f40-9f8e-11ea-bb5f-9176852f1f89",2020,"CO",FALSE,FALSE
"1134","Retail","45","d6c9e240-d510-11eb-8806-c7cd39544f5b",2020,"MN",TRUE,TRUE
"1135","Healthcare","62","18f05db0-a0fc-11ea-878c-ff8a51fa1e8f",2020,"CO",FALSE,FALSE
"1136","Healthcare","62","e5304eb0-4b3d-11ed-97e9-d97d698656bd",2021,"CA",FALSE,FALSE
"1137","Healthcare","62","ff88d760-a415-11ed-aa48-c57b469b256d",2022,"NY",TRUE,TRUE
"1138","Healthcare","62","37636800-87c6-11ee-b955-bdb463ad03be",2022,"CA",FALSE,FALSE
"1139","Public","92","3b198a70-a0f6-11ea-878c-ff8a51fa1e8f",2020,"OH",FALSE,FALSE
"1140","Healthcare","62","36d29450-d9aa-11eb-96ea-fd8a03dbb673",2020,"MI",TRUE,TRUE
"1141","Educational","61","636ac800-35c3-11ec-be76-613d00a742ca",2020,"GA",FALSE,FALSE
"1142","Healthcare","62","e2a64e00-83f5-11ee-898d-0f9c5bf59690",2022,"CA",TRUE,TRUE
"1143","Manufacturing","33","025f8a90-722e-11eb-a674-05cfd55ad89e",2020,"GA",FALSE,FALSE
"1144","Healthcare","62","d2d4f030-7509-11ee-8da1-4f2f8c80e63f",2022,"GA",FALSE,FALSE
"1145","Healthcare","62","830d7150-3db3-11ed-a11a-bb811330b875",2022,"US-MO",TRUE,TRUE
"1146","Public","92","30dbfdd0-736c-11ee-8da1-4f2f8c80e63f",2023,"OH",FALSE,FALSE
